0.959785465005398,-0.0693074481723316,0.00150959935397657,0.00155308106970468,0,0
0.887058150674318,-0.111759886787342,0.00160604917048836,0.00160386701592908,0,0
0.921386716908769,-0.0884481752747664,0.00157750966604407,0.0015890728423344,0,0
0.894949907656271,-0.0802945034216617,0.00162356279577038,0.00158312750724622,0,0
0.92792558902768,-0.0661873280930436,0.00156711946831233,0.00155999842790579,0,0
0.920333237004717,-0.0806680923453079,0.0015692970943005,0.00156737689242344,0,0
0.899317762558022,-0.081910081100179,0.00159118156539258,0.00156472237418393,0,0
0.94209337345496,-0.0716728257940624,0.00155100440746023,0.00156924032613841,0,0
0.893397571076433,-0.0927755311791,0.00160544612105712,0.0015856369695118,0,0
0.934561703306062,-0.105691773105903,0.00154795875742439,0.00160003303379978,0,0
0.911197213281139,-0.0853066326992337,0.00159537668581037,0.00158139952931817,0,0
0.933309841789322,-0.0932632133362154,0.00156561293607306,0.00159929771861284,0,0
0.902586674241473,-0.100875385331308,0.00158640970644778,0.00159767599812672,0,0
0.942533388650175,-0.0774484775300676,0.0015466574485954,0.00157148359697838,0,0
0.933427319534902,-0.0724000527325883,0.00154860835156577,0.00155446440175282,0,0
0.89220011085829,-0.136065598510782,0.0015904683030329,0.00162886850380632,0,0
0.899362393820675,-0.085735303918189,0.00160490491379377,0.00158306430792514,0,0
0.887648136231435,-0.0943692337435358,0.00162207323221436,0.00159794263952154,0,0
0.908193536427178,-0.0824940920566769,0.00157246395161712,0.00155606047886021,0,0
0.898668117239898,-0.111634029559118,0.00160273684431085,0.00161867423185891,0,0
0.887345710826973,-0.113493166180622,0.00160691418620848,0.00160971261546156,0,0
0.917033851333056,-0.0677236690191328,0.00156612509430937,0.00154504754899844,0,0
0.912840775766291,-0.0935399556563746,0.00159587573217678,0.00160677018105827,0,0
0.914412882731287,-0.087540980032303,0.00158602021639998,0.00158899814021753,0,0
0.931548645126154,-0.0729594803776758,0.0015696339978318,0.00157939836623035,0,0
0.928297466663988,-0.079755746187346,0.00154967831634901,0.00155612276577085,0,0
0.937483684574337,-0.0783736844985896,0.00155130674219959,0.00157388774279915,0,0
0.894631262464313,-0.111057866255685,0.00160164060968435,0.00161359508283569,0,0
0.945690916942734,-0.0751959278370314,0.00153948349855804,0.00156908855850169,0,0
0.919799867495097,-0.10668865754711,0.00158428622290484,0.00161891506196038,0,0
0.929170005021725,-0.0777540234725788,0.00156288077844676,0.00157721173402199,0,0
0.877191352358981,-0.117324532971807,0.00161783257905718,0.00161278207389609,0,0
0.852746432592264,-0.139129571302595,0.00162812127032103,0.00161710236785996,0,0
0.91021807284707,-0.0685771609126187,0.00157585888467008,0.00154667428643418,0,0
0.933691551772565,-0.0932706858248856,0.00157244178799316,0.00160878243985904,0,0
0.913182190724545,-0.0786376244677223,0.00158435163542722,0.0015752318607575,0,0
0.940434071224831,-0.0743452402703095,0.00152072118639902,0.00154493028684391,0,0
0.882295887554474,-0.0962626478234951,0.0016355948925156,0.00161213880042178,0,0
0.913355316363576,-0.0907615444767672,0.00157157776859377,0.00157979662451031,0,0
0.922973215978474,-0.117912304441854,0.00155882654697233,0.00161118032847959,0,0
0.933359471471997,-0.070583896445592,0.00155919918684692,0.00156424931413068,0,0
0.914051686842402,-0.0817194716948145,0.00157659124068259,0.00157283200166385,0,0
0.90282356640863,-0.0713441959363448,0.00159679756218067,0.00155228332669695,0,0
0.888834078912287,-0.115521705771366,0.00160033800054068,0.00160935712266087,0,0
0.915785001979953,-0.0614546010161169,0.00158088616536244,0.00155188799796194,0,0
0.926312034792364,-0.0754264058227185,0.00158008358934578,0.00158297065166623,0,0
0.930992930675809,-0.0606202967363219,0.00155313110873119,0.00153983986096805,0,0
0.895280543964959,-0.0966089414276918,0.00160434246306232,0.00158989132963563,0,0
0.911684409699452,-0.131062613010842,0.00157709633880883,0.00163843975499488,0,0
0.933945728911382,-0.0561674603626822,0.00155454250065384,0.00153977031057137,0,0
0.92486671925784,-0.076376574985152,0.00157722507551403,0.00158080097883634,0,0
0.913738430764398,-0.0973225311800855,0.00159210240178064,0.00160514727232125,0,0
0.927218652318934,-0.106960305488871,0.00156686713268159,0.00161908246425751,0,0
0.898487759730876,-0.115563591628952,0.00158307765466264,0.0015995688261102,0,0
0.9129633721364,-0.105395715247682,0.00156767280684384,0.0015940681693931,0,0
0.893638264963603,-0.0987699541993412,0.00161706680755459,0.00160353050343199,0,0
0.903618974516921,-0.0857831985789188,0.0016011386367422,0.00158702169723804,0,0
0.906885290401019,-0.0931738917063537,0.00159527844331006,0.00159314928470666,0,0
0.916049603501955,-0.0895140422137216,0.00158116598174529,0.00158860821010533,0,0
0.920793511180565,-0.0955787436518573,0.00155785535172535,0.00158132155071784,0,0
0.922788587266116,-0.0847062961943486,0.00157438492018198,0.00158089199902988,0,0
0.909169878896494,-0.0970267799019865,0.00158595187313,0.00159429905546245,0,0
0.924625854214934,-0.0531042512851516,0.00157547154970124,0.00154673724010535,0,0
0.919635041987963,-0.0965893779670791,0.00157553113565244,0.00159983631713868,0,0
0.925659078375282,-0.0891717429643836,0.00155792369994559,0.00157576536688597,0,0
0.877086465125637,-0.121851827153559,0.00162405612015822,0.00161958019349353,0,0
0.911536400954727,-0.0779876746347805,0.00158891761068583,0.0015788856449157,0,0
0.896873762601661,-0.0936023640793722,0.00159477006151362,0.00158508608994629,0,0
0.906776666881984,-0.0768804281244872,0.00160001072091762,0.0015770969429262,0,0
0.851712212643754,-0.0936777079331556,0.00166471982898026,0.00158639356210523,0,0
0.905182573154086,-0.0971597563369257,0.0015876077955425,0.00158582830877431,0,0
0.920216684804211,-0.0985418216152722,0.00157136489196767,0.0015979081264623,0,0
0.888236871252055,-0.0920261906258163,0.00161739774016016,0.00158680926895791,0,0
0.923923691400933,-0.0903775728950336,0.00156316694794043,0.00158481128743198,0,0
0.893088960688333,-0.0928013308426122,0.00161244068507922,0.00159172961170649,0,0
0.911861200607667,-0.0669628235630768,0.00159188633566083,0.00155988495614004,0,0
0.889684313095675,-0.0826030282509741,0.00161617094054749,0.00157720457566949,0,0
0.92632075409897,-0.0570744143938114,0.00157540284475773,0.00155157851501316,0,0
0.910022618752052,-0.0871803694351725,0.00159604052444077,0.00159255615698903,0,0
0.899339007553456,-0.102373484312979,0.00160408132347953,0.00160718660329503,0,0
0.895094466884823,-0.0709981316982354,0.00160299573485656,0.00155349908908704,0,0
0.87369316956207,-0.113015135554674,0.00162231989723148,0.00160781042431407,0,0
0.907393597034371,-0.102445414796171,0.00159420045271039,0.00160732048914296,0,0
0.919384925776044,-0.0784772142563747,0.00156504855596714,0.00156772507140374,0,0
0.890220317265226,-0.10942650391774,0.00160557024354249,0.00160967446979725,0,0
0.910068556014589,-0.0950037612606645,0.00159262771056293,0.00159630861610068,0,0
0.92316169778151,-0.0718271704359754,0.00156609667404376,0.0015573021340529,0,0
0.903552230673748,-0.0772861286394535,0.00158158890221483,0.00155723148658359,0,0
0.900068099873143,-0.0820032568558981,0.00159959551471481,0.00157101106347133,0,0
0.907788285685332,-0.0990831800235787,0.00158159104131961,0.00158576086800603,0,0
0.929942452829747,-0.0999941471386308,0.00154827262386344,0.0015859014547188,0,0
0.890291195866844,-0.0990706409853524,0.00159216077427052,0.00157928672707446,0,0
0.931026410375558,-0.06426593031084,0.00157345961846321,0.001565568285036,0,0
0.894968138203465,-0.0901412554321769,0.00160386979768538,0.00158501146833478,0,0
0.919367921425304,-0.0945662887973927,0.00158228921880281,0.00159971251333593,0,0
0.933771692439847,-0.0680270079510528,0.00156320705427552,0.0015620730935385,0,0
0.922090314900616,-0.0493091201522031,0.00157705860040172,0.00152985783893136,0,0
0.900800855514013,-0.0986198115550745,0.0015869814038703,0.00158787582467552,0,0
0.906742251571528,-0.108491483814679,0.00157844206371346,0.00159636803425672,0,0
0.904760034868723,-0.106122386960263,0.00159682108293031,0.00161353175854318,0,0
0.922729769890628,-0.0846107067872864,0.00157996488149797,0.00158818832588175,0,0
0.904276407020697,-0.0754715169044407,0.00158675021771763,0.00155516405432955,0,0
0.87844468456609,-0.105780796224361,0.00160906926761485,0.00159082261280657,0,0
0.900616515718472,-0.0909837059827798,0.00159669822371066,0.00158527594557124,0,0
0.897236775884388,-0.0827972437601032,0.00160120221790247,0.00157262839391652,0,0
0.899968791106497,-0.0930977474280304,0.00159780499808195,0.00158550778564965,0,0
0.901934647538332,-0.0932843716637072,0.0016132326921213,0.00160666930362221,0,0
0.903876091914118,-0.101859702262747,0.001592487661045,0.00160659490903604,0,0
0.894561111692185,-0.0830281374397369,0.00158928001680319,0.00156413783346412,0,0
0.91071115564374,-0.100464763285647,0.00156623449351978,0.00158846946666126,0,0
0.936842743407691,-0.0582226688082413,0.00154516885790639,0.00153484946357099,0,0
0.940842584958642,-0.0479036679357528,0.0015405914632595,0.00152578543768416,0,0
0.913658653592605,-0.0843709854040258,0.00157296252722503,0.00156926221994901,0,0
0.928171971569991,-0.0739246887481817,0.00156012754793579,0.00155969036013436,0,0
0.923179541431068,-0.0828589928299285,0.00156897304121594,0.00157507641404864,0,0
0.917721466742235,-0.0696042498539049,0.00157809809728044,0.0015563744326182,0,0
0.917195056336235,-0.0970259852911581,0.00158424841729931,0.00160605002335829,0,0
0.929322301278336,-0.0658729824857454,0.0015750090137325,0.0015697466915791,0,0
0.920634446388287,-0.101304508319093,0.00157448332103067,0.00160350191538546,0,0
0.899393893741675,-0.121499565643016,0.00158976664497508,0.00161551530658289,0,0
0.912105703347823,-0.0743907448524993,0.00157877979831117,0.00155251697993825,0,0
0.914744196506229,-0.0796819225963371,0.00158180841385806,0.00156842741049771,0,0
0.90225283658713,-0.0898004253535138,0.00159159459910647,0.00157854867167753,0,0
0.901581290533592,-0.114340663060515,0.00158004604263481,0.00160305220499817,0,0
0.901451042782226,-0.0791580928716638,0.00158567047485527,0.00155437161672043,0,0
0.911228057598355,-0.0913980772677569,0.0015934894774102,0.00159304447541151,0,0
0.88662765019084,-0.103881613602415,0.00160516066549043,0.00159365669623213,0,0
0.930124450447801,-0.0960643590433906,0.00153738313042881,0.00157942332228677,0,0
0.903751112886177,-0.0899319261158807,0.00160159730755437,0.00159167432509799,0,0
0.92705627434494,-0.0814510710086882,0.00156868476237297,0.00158148076815105,0,0
0.891229627079914,-0.107027486403632,0.00159340592067726,0.00159213427041186,0,0
0.91351551581874,-0.0847303950331296,0.00158215891447331,0.00158775291952661,0,0
0.92759689736462,-0.0696103003590856,0.00156324144665781,0.00155807836355414,0,0
0.905579158232248,-0.071269477964098,0.00161250858855321,0.00157651610523141,0,0
0.920074687551816,-0.0917898130492779,0.00155867536901079,0.00157660094127292,0,0
0.93631859082226,-0.0790612371396868,0.00154485517060783,0.00156784676383519,0,0
0.905098420520714,-0.0741995294265196,0.00160635665519156,0.00157693078170568,0,0
0.874835569004708,-0.13437413589817,0.00160991611670526,0.00162487627831637,0,0
0.898898491383777,-0.0941583723930526,0.00160216566947162,0.00158729727319761,0,0
0.909660613930523,-0.0792973269121245,0.00158744325008224,0.00157211324395975,0,0
0.898502931005187,-0.0677122368597441,0.00160537839571551,0.00155499839772067,0,0
0.898341836511384,-0.0967885800823367,0.00159311157799845,0.00158297028844059,0,0
0.885115375654361,-0.0749369132872568,0.00162182616108078,0.0015649816988073,0,0
0.913886451427521,-0.101095408634028,0.00158943667315168,0.00160929477433949,0,0
0.877798458742061,-0.132765717427747,0.0016204806403698,0.00163302858531123,0,0
0.946914794114396,-0.0439482234818506,0.0015375803394967,0.00152995805485251,0,0
0.908142674449346,-0.0893048573992372,0.00159053474957774,0.00158913016806843,0,0
0.883558922342471,-0.102928128131595,0.00162418477965179,0.00160369081771014,0,0
0.892537557017921,-0.0907981930954481,0.0016141821544397,0.00159100823320657,0,0
0.920390415893852,-0.093062962579838,0.00155009619046618,0.00157009408290462,0,0
0.933461114720357,-0.0651580752779185,0.00156082578111902,0.00155927178522404,0,0
0.914224312932634,-0.0887944692023438,0.00156919903496527,0.0015718600894933,0,0
0.86518651464,-0.118407788028453,0.00163054735089005,0.00161294286542551,0,0
0.908084769638805,-0.0893318479035623,0.00158030515809013,0.00158203263158185,0,0
0.898217188310969,-0.095623844542694,0.00159001324868077,0.00158216192403532,0,0
0.893076612676504,-0.0890564374780449,0.00159997825872957,0.00157322899306269,0,0
0.910106597617837,-0.0683442033259458,0.00159716736510141,0.00156369988107174,0,0
0.928868277336894,-0.0702021722496359,0.00155155225948508,0.00155365245077546,0,0
0.913989203750274,-0.0676436493352691,0.00158838820257059,0.0015643840764551,0,0
0.904448109669673,-0.0982007134632065,0.00159920169414094,0.00159950585801061,0,0
0.886727457533126,-0.0984331748228591,0.00159861434461957,0.00157693527937994,0,0
0.919949044645499,-0.0751465885389753,0.00158106852480326,0.00157729628137798,0,0
0.900114656346707,-0.0841697799980368,0.00158706873576975,0.00156145433939327,0,0
0.924571788214586,-0.0780210526515578,0.00156665931025411,0.00157425425008363,0,0
0.904944984536692,-0.104476725961303,0.00159040579144065,0.00160844254050263,0,0
0.921206899483245,-0.0816068609685062,0.00156924761590369,0.00156325927845661,0,0
0.904022108133393,-0.067376138768936,0.00159428783357248,0.00155360448755098,0,0
0.923931994565513,-0.0911944379039429,0.00155692639854665,0.00157447284410687,0,0
0.91672215510945,-0.121402761585967,0.00154019336651887,0.00159420825723181,0,0
0.916768113562713,-0.0866397171268229,0.00157214283766308,0.00157382620579278,0,0
0.901436530599797,-0.0778352530774306,0.00159203713730727,0.00156355566685918,0,0
0.901603517941674,-0.0806455099695555,0.00159177826753757,0.00156668609900024,0,0
0.923706132102009,-0.078201278327267,0.00156084187186789,0.00156679814500418,0,0
0.905037567254559,-0.0778239094322676,0.00159026160560719,0.00156165510465664,0,0
0.896984638457813,-0.0882840192898582,0.00160040461006046,0.00158067174035615,0,0
0.904281921888142,-0.110272976265221,0.00158311553456743,0.0016072202160729,0,0
0.87621637437921,-0.0853863067803225,0.00162270463396904,0.00156540934811775,0,0
0.926135719702055,-0.0705706988289398,0.00155091342294831,0.00154819191648591,0,0
0.919244314750927,-0.100356384933782,0.00156970421921342,0.00160119955129181,0,0
0.882376261792536,-0.107495357754066,0.00161699779202571,0.00160417346583396,0,0
0.933028327584499,-0.0662119216739793,0.00156681566827028,0.00156371781961853,0,0
0.930103673261634,-0.0853930307017361,0.00154787981855395,0.00157123275999854,0,0
0.894921943769719,-0.0865075157612891,0.00161249335854854,0.00158399868455337,0,0
0.919359023830171,-0.0820867066498675,0.00158775090786905,0.0015885777581375,0,0
0.913359516418044,-0.107831272022549,0.00159488264709021,0.0016276809661438,0,0
0.916367983280101,-0.0738389090563705,0.00159071653303265,0.00157873991386455,0,0
0.92280451916466,-0.0969240952075015,0.00157946302351278,0.00160810712022276,0,0
0.912299666572758,-0.0787026307064388,0.00158186241135275,0.00156887007461541,0,0
0.918657627984707,-0.0712237532278559,0.00157568664688962,0.00155756749578278,0,0
0.960553155285349,-0.0428153649962252,0.00152258127962609,0.0015290328893134,0,0
0.921306225085096,-0.0727404834211716,0.00154918757115569,0.00153791259638671,0,0
0.927010424515855,-0.0605729645869902,0.0015581686168326,0.00153928275865861,0,0
0.906846395096363,-0.0972058344647827,0.00159139872038646,0.00159617015883543,0,0
0.894595122830018,-0.0932656302995194,0.00159897692490466,0.00158182290742362,0,0
0.922509034556004,-0.102181931125166,0.00154702294579975,0.00158666459026089,0,0
0.942329925709667,-0.0477553354248027,0.00156291102219195,0.00154944429073434,0,0
0.91103258820276,-0.0865213085759472,0.00158675362551909,0.00158027755656435,0,0
0.892093307620538,-0.100414957524536,0.00161585393242117,0.00159914548892564,0,0
0.905078579006304,-0.0729663825760484,0.00159662371120927,0.00156472139781486,0,0
0.918130288582306,-0.0596103727252771,0.00159076248669112,0.00156094166740233,0,0
0.931570021354624,-0.0857860797581635,0.00156452936736415,0.00159158337101784,0,0
0.914927338565183,-0.0963586038990402,0.00156661043833125,0.00158776373454361,0,0
0.911438567747935,-0.0724024260033226,0.00158087610376162,0.00155799566318507,0,0
0.905530027448959,-0.0728934752274322,0.00159307846959327,0.00156644825684712,0,0
0.905717180291879,-0.0961909767011687,0.00158232260349195,0.00158507091286549,0,0
0.887527021371171,-0.134937113696106,0.00160737257865548,0.00163750996410586,0,0
0.925594381894074,-0.0566070120923588,0.00156889360456825,0.00154946487539497,0,0
0.883850435558932,-0.111320368381304,0.00161465955780768,0.00161063917078986,0,0
0.898110742494908,-0.0930598556424142,0.00160234768874325,0.00158789940527394,0,0
0.899869807231994,-0.0833306421160619,0.00158912940766388,0.00156486121428222,0,0
0.901167735019069,-0.0692432170800865,0.00160268860595743,0.00156361866904465,0,0
0.935676288121423,-0.0748757364413371,0.00153647315585118,0.00155609106383495,0,0
0.895635223049942,-0.0623311182886847,0.00161006587298895,0.00155179746374011,0,0
0.910186372741825,-0.0953015936905944,0.00156619296518294,0.00157511399025597,0,0
0.902096616850087,-0.114755949718334,0.00158691915425747,0.00161210167043071,0,0
0.921459673552982,-0.0697523341424421,0.00155908911656456,0.00155239026954799,0,0
0.920427679188679,-0.0893288129899278,0.00155042124596441,0.00156538840500841,0,0
0.916846138139414,-0.0583004040961867,0.00157831686272527,0.00153547007373709,0,0
0.930182404627073,-0.0933553118011027,0.00157687872570192,0.0016132082895975,0,0
0.904537544909575,-0.10258612348777,0.00157970792826472,0.00159632934109933,0,0
0.896658159824837,-0.0968982873221663,0.00159184833993117,0.00158756850797525,0,0
0.894901414308757,-0.0833448880534475,0.00160005502925328,0.00156721276383693,0,0
0.887227209494004,-0.0863236703934479,0.00159850162634266,0.00155887137108393,0,0
0.928153921243536,-0.0966577076793701,0.00156712732553723,0.00160027701421526,0,0
0.89434702231098,-0.0990414411272629,0.00162002462405012,0.00161292163280417,0,0
0.918767245399758,-0.0817094983769635,0.00158309603276294,0.00158315976461589,0,0
0.914788549253715,-0.0804672231265495,0.00157041891595658,0.00156333705534526,0,0
0.885297782748881,-0.0792140328567265,0.00163261132245914,0.00158641532515758,0,0
0.923817910053078,-0.0825296681624821,0.0015579349355206,0.00156233158291537,0,0
0.898990902407972,-0.0691086732908263,0.00158455421269607,0.00154041585605195,0,0
0.930730059407009,-0.0554933102069154,0.00156383025368508,0.00154548432936686,0,0
0.878169029029546,-0.113264614784763,0.00162089790934521,0.00160610408147081,0,0
0.886558905861178,-0.128229926875722,0.00159906891629317,0.00161872262391242,0,0
0.892577890159916,-0.0863375488984761,0.00160890112993132,0.00157683559793259,0,0
0.936073669244416,-0.0848075424943753,0.00156841844160818,0.00159755897018335,0,0
0.890732194676705,-0.085047686023397,0.00158961302354115,0.00156272255316433,0,0
0.933279426617974,-0.0780592435243388,0.00155991291941134,0.00158406196825424,0,0
0.904915231628693,-0.092818902109764,0.00159659859227086,0.0015970282760435,0,0
0.894383203931493,-0.0940000391757816,0.00160224823566607,0.00158794218745325,0,0
0.926582940432473,-0.077688684617704,0.00158138584941971,0.0015893894553015,0,0
0.902935382733987,-0.106395425712218,0.00156744041165586,0.00157488728172962,0,0
0.898463751424559,-0.0935531874515121,0.00158700750738664,0.00157566023182718,0,0
0.920835111983225,-0.0844537635398756,0.00157737037889517,0.00158198802870013,0,0
0.917306059194558,-0.109976186091163,0.00156959849906102,0.00160682035381619,0,0
0.892995627901093,-0.0970723266440831,0.00159777982080353,0.00158548051170988,0,0
0.919999089523531,-0.0713136607991739,0.00157201736845659,0.0015570975764431,0,0
0.929778350415895,-0.0738507672020394,0.00156766596906976,0.00157396138693522,0,0
0.90767237016487,-0.0792743339297249,0.00159762018371734,0.00157245659973098,0,0
0.90698731122323,-0.0958229024125485,0.00158486116628523,0.0015910196441762,0,0
0.929171268815584,-0.0783792056962835,0.00157041288517965,0.00158448320477145,0,0
0.931325220649184,-0.0712214555171057,0.00156278722964009,0.0015655008032469,0,0
0.904652028083346,-0.0947965687245692,0.00159963121898542,0.00160191385073346,0,0
0.889862662708015,-0.124763736330994,0.00161694872628952,0.00163948690840011,0,0
0.926893378035201,-0.0902315041523126,0.00155343075414101,0.00157805025836536,0,0
0.939251944617442,-0.0873734646441162,0.00156470357132946,0.0016019792386048,0,0
0.95373393989445,-0.0614984757233721,0.00153687030030071,0.00155844480440085,0,0
0.902502361006763,-0.0774486203817535,0.00160574420816102,0.00157631243319998,0,0
0.891143164025015,-0.107690548360411,0.00159696987353934,0.00159163287779852,0,0
0.911426550063208,-0.10871877031242,0.00155728514914315,0.00158523007230128,0,0
0.952250488297925,-0.0557751186690614,0.00152768866533162,0.00154069066016499,0,0
0.907443108662288,-0.0966030301822967,0.00159347021192987,0.00160108380475407,0,0
0.902910727655308,-0.0755140195192381,0.00158505648543343,0.00156113469525679,0,0
0.923057266416985,-0.0730179654689911,0.00156981801988356,0.00156137955533464,0,0
0.901313602851383,-0.0663130440891511,0.00162112233142804,0.00157050599237155,0,0
0.917132090738833,-0.0781802339997843,0.00157843891475087,0.00156743571852619,0,0
0.909371819360917,-0.110158084788503,0.00157296054588002,0.00159650050638619,0,0
0.900676174618456,-0.071409178960023,0.00160427622141586,0.00156509278226844,0,0
0.910054329762426,-0.0884115076378687,0.00159190648995826,0.00159590972577616,0,0
0.906610547648214,-0.0805869380631625,0.00160080268612782,0.00158234929889539,0,0
0.874744985781205,-0.128458373348595,0.00162672575917738,0.0016289035901314,0,0
0.921196824315384,-0.0916593994982599,0.00160689409758368,0.00162511706183212,0,0
0.908226903437206,-0.10626751209093,0.00156544275308838,0.0015845509023325,0,0
0.905719694605757,-0.0965669011156684,0.00158711341023239,0.00158968078733904,0,0
0.901225399667944,-0.107286570001911,0.00157439102663276,0.00158800618945272,0,0
0.918072829237579,-0.114592662730255,0.0015657372225068,0.00161782446942234,0,0
0.918378837660233,-0.0929504833975317,0.00157373958964437,0.00159277191559415,0,0
0.87549552059211,-0.121995109290156,0.00162712290269962,0.00163001374145078,0,0
0.906656308485666,-0.0698290568084114,0.00158852024842457,0.00154760499265603,0,0
0.936607633601076,-0.066488603601023,0.00155439721701685,0.00155713662744506,0,0
0.90513917290277,-0.0729793814441906,0.0015943524270839,0.00156542707099479,0,0
0.902473545702981,-0.101869782985433,0.0015994319623037,0.00160292558484362,0,0
0.879049036164119,-0.114428827217578,0.00162250549686045,0.00161248820321226,0,0
0.900660606129366,-0.099071972151012,0.00157457073360731,0.00156950725270198,0,0
0.904680508902088,-0.0649034994860161,0.00158334729206011,0.00154194807740159,0,0
0.943371512033357,-0.0610376398109833,0.00157896275072379,0.0015875888526545,0,0
0.915163849766654,-0.0928702262693374,0.00156659610721617,0.00157898832598091,0,0
0.934530233691381,-0.0875639753470244,0.0015381102538403,0.00157266945678064,0,0
0.919901245744777,-0.0926975861068195,0.00156322889723221,0.00158293483810511,0,0
0.932992172791,-0.0897603956404208,0.0015586346371675,0.00159311736828935,0,0
0.914033348477635,-0.096025898119036,0.00156378985128439,0.0015765810675363,0,0
0.91857000208205,-0.102934331505284,0.00156648295153979,0.00159592686608474,0,0
0.897627475308764,-0.0835038687942335,0.00158156694497805,0.00156233942358611,0,0
0.927435876803779,-0.0736026506515583,0.0015492346634973,0.00155270525049544,0,0
0.921773916746942,-0.0846215693232522,0.00155776077135684,0.00156420750193357,0,0
0.885751733197136,-0.117760196396325,0.00159707746659377,0.00160259489241278,0,0
0.897174171246376,-0.144556376845564,0.00159825695157683,0.0016560636107744,0,0
0.906799221779581,-0.0962190100391542,0.00157248378107886,0.00157674222233858,0,0
0.905748305349564,-0.0916245251386757,0.00158730655266333,0.00158403818278457,0,0
0.903381586876631,-0.0947146468457293,0.00158786971496474,0.00158764204487793,0,0
0.952941386762978,-0.0499761204790289,0.00154175753396476,0.00154254805339756,0,0
0.910745287533814,-0.0740350739947306,0.0015829399615351,0.00156376301986334,0,0
0.929653411593588,-0.0753778277592551,0.00155257793776872,0.00155753952918399,0,0
0.916177716700839,-0.0524667701657744,0.00158171094699477,0.00153942107689014,0,0
0.87616405882108,-0.139210856347447,0.00165042940139715,0.00167439380969812,0,0
0.909183882749284,-0.0881370266200307,0.00158463050873893,0.00158449480744735,0,0
0.92371629247445,-0.0456577116744705,0.00158223945963766,0.0015340716451944,0,0
0.873689031893883,-0.102453898652292,0.00162003735534655,0.00158751659037461,0,0
0.902188663933128,-0.110574764168716,0.00158392043704847,0.00159635480944941,0,0
0.900062091090798,-0.0822493089777919,0.00160783469748137,0.00159161081817418,0,0
0.931699917781283,-0.0854659761484508,0.00155691838396379,0.00158259821893386,0,0
0.908735978843303,-0.101296961614811,0.00158511606153569,0.00159724451344201,0,0
0.901036856678804,-0.126652085583244,0.00157052088587824,0.0016077128045658,0,0
0.921684581399841,-0.0830893283233883,0.00158993205696184,0.00159342537404341,0,0
0.903430771835122,-0.0643616897339912,0.00160400873622052,0.0015636714965337,0,0
0.898560234055718,-0.119347925755894,0.00159744056421736,0.00162700802007833,0,0
0.870564065584657,-0.110799747412011,0.00163267389146692,0.00160648990694428,0,0
0.91410690573559,-0.096525296146031,0.00158523294788248,0.00159961344430377,0,0
0.911372530526977,-0.0981746643516866,0.00157505273472624,0.00159288608748715,0,0
0.905772914737768,-0.0869001590244672,0.0015721992150247,0.00155905768032103,0,0
0.918933663632985,-0.0569597606305751,0.00158685775620973,0.00155312212593636,0,0
0.903595391426893,-0.113968968702645,0.00159041381733002,0.00161773699794058,0,0
0.88095425279269,-0.0915121476940518,0.00161470342899272,0.00157514910917891,0,0
0.940910811823161,-0.080765335154708,0.00154955340380227,0.00158164125034622,0,0
0.893060038510916,-0.0889383541249777,0.00160535598432852,0.00157989010833642,0,0
0.920288448849709,-0.080035161490821,0.00157721891128557,0.00158176040767281,0,0
0.895673944315643,-0.0877355517358671,0.00158879470251965,0.00156351289090941,0,0
0.888764346299854,-0.0719577026496878,0.00162937585042146,0.00157470792282355,0,0
0.914352023174175,-0.0905513158208249,0.0015864004547132,0.00159276746643201,0,0
0.922452710534159,-0.073506255927743,0.00156155685169165,0.00155519895565942,0,0
0.915562239436728,-0.0951401504773921,0.00156696493362522,0.00158333934543862,0,0
0.898548079231312,-0.0943728331407283,0.00159155875269769,0.0015824103984202,0,0
0.910913665364717,-0.0888454740645159,0.00158143493710504,0.00158153793794243,0,0
0.92284400084089,-0.0728542688528809,0.00155983461444467,0.00155259825098148,0,0
0.931960280746196,-0.0929819327506551,0.00155454120284874,0.00159034925950207,0,0
0.93193974642739,-0.0773024672251564,0.00156436343600875,0.00157520834730663,0,0
0.901254270878164,-0.100739131614075,0.00159621808579561,0.00159659238170699,0,0
0.909072370257971,-0.114007875465617,0.00157175878040166,0.0016042799852429,0,0
0.910271123752061,-0.0764512764170116,0.00158952001641446,0.00157221030047954,0,0
0.920996467417466,-0.0762580165085165,0.00158529254113906,0.00157793499901043,0,0
0.910774353678193,-0.0676140132136061,0.00158538004052725,0.0015569709611173,0,0
0.91690793949128,-0.0871589740026419,0.00157287665207566,0.00158072052868659,0,0
0.937903323022466,-0.0581715416908505,0.0015535592806013,0.00154491890489167,0,0
0.922093213394824,-0.076247569519847,0.00157743358794865,0.00157796410245574,0,0
0.881658055880746,-0.109947130823001,0.00162365935769368,0.00161116917114899,0,0
0.888884472285988,-0.0998118984564655,0.00161588905203352,0.00160017632516336,0,0
0.916220648960214,-0.0899493531817056,0.0015850537605424,0.00159279651166973,0,0
0.882439220610585,-0.0831367830559981,0.0016080201875591,0.00155497924533445,0,0
0.92958620577803,-0.0855191551001129,0.00155115369348126,0.00156918418774329,0,0
0.913542756115289,-0.0677679482521818,0.00159076247649511,0.00155601946909518,0,0
0.887113347400321,-0.0996223222976183,0.0016180672977596,0.00159766935727246,0,0
0.887542420545164,-0.108704126506718,0.00160658234952887,0.00160273997956687,0,0
0.932351235868134,-0.0480555999985002,0.00155426454582992,0.00152517220696823,0,0
0.894848730683352,-0.127274309908356,0.00161296066203276,0.00164065543871633,0,0
0.889771041623519,-0.102014806603904,0.00159723870545263,0.00159219309308069,0,0
0.930035418017821,-0.0679093302736147,0.00154660570741199,0.00154441061291166,0,0
0.91917202349425,-0.0826723298248184,0.00156758591667342,0.00157338487467345,0,0
0.913310740731905,-0.0959592493524918,0.00157838306371364,0.00159210949982417,0,0
0.933012308896997,-0.0683639514909624,0.00155755302008444,0.00156039921123327,0,0
0.911243007962653,-0.106506764018029,0.0015913575869687,0.00161234917886036,0,0
0.921693906053894,-0.0768932796431882,0.00157412575548096,0.00157289866651164,0,0
0.952744012655431,-0.0727902628070062,0.00151913100079759,0.00155594554213906,0,0
0.909317460804488,-0.0888308201113086,0.00159003995623168,0.00158390788446223,0,0
0.934908666181137,-0.0914888669774228,0.00154428039656747,0.00158285363838663,0,0
0.906087653948334,-0.090719760164952,0.00159292359307449,0.00159184324407498,0,0
0.931810628033768,-0.0872882887491055,0.001567356736119,0.00158907621966181,0,0
0.931329214431982,-0.0837470196507652,0.00157386057771619,0.00159443276018596,0,0
0.903797878479459,-0.0748700517962206,0.00159362235355332,0.00156720956948506,0,0
0.891048474455572,-0.119684067663124,0.00160134430772503,0.00161328313696046,0,0
0.914760450196222,-0.0941563148796529,0.0015546444958451,0.00156841232966808,0,0
0.910486074215551,-0.110909320381864,0.00158627262250442,0.0016188680567125,0,0
0.921585643707076,-0.0941448337506844,0.00156802549952398,0.00158953455166181,0,0
0.918486130198836,-0.0922421391496913,0.00156042120680585,0.00158002285215458,0,0
0.95296521471711,-0.0491289567720631,0.00153937477367742,0.00154508974246055,0,0
0.942724617400734,-0.0573530033677046,0.00155361572476728,0.00155767504333967,0,0
0.926182413505857,-0.0783483078857425,0.00155616558079637,0.00156876390792851,0,0
0.893647172407735,-0.116952212008852,0.00159440831988414,0.00160944089010055,0,0
0.93036135255098,-0.0923187145798182,0.00154504276791469,0.00158184754023035,0,0
0.902520765112944,-0.102134553579816,0.00159364121069929,0.00160357474862592,0,0
0.924798976930551,-0.0778133957764716,0.00157554906243048,0.00158180180586293,0,0
0.918466556303222,-0.101111395729662,0.00157027693929023,0.00160187073186306,0,0
0.931336582636845,-0.0673206211511052,0.00157453069980961,0.00157532751655177,0,0
0.933651570875033,-0.0633363257373264,0.00155283609001717,0.00155301677821768,0,0
0.890633492711007,-0.111690073665655,0.00161697896941293,0.00161550727738398,0,0
0.910367927440361,-0.0756728787984225,0.0015974176844762,0.00157417365599641,0,0
0.911651677715324,-0.0950355742692648,0.0015742437392557,0.00158406113115712,0,0
0.91943185210526,-0.0822045243968397,0.00157631219235806,0.00158006518152429,0,0
0.893087039014768,-0.110723300399268,0.00160205799710152,0.00160672118105567,0,0
0.89246570775561,-0.0986631554352342,0.00160457650979516,0.00158922074275959,0,0
0.912865417783158,-0.100138671282509,0.00158869820929092,0.00160664731033817,0,0
0.933328877603209,-0.0802473408554122,0.00155940704483686,0.00158115902263998,0,0
0.887563261146345,-0.0943088341280881,0.001617119060945,0.00159045109159951,0,0
0.890347432683062,-0.096186895828338,0.00160800931807074,0.0015888654306935,0,0
0.871652198370371,-0.116389365865098,0.00163607218465298,0.00162041450303888,0,0
0.905625247874973,-0.119217885174035,0.00160354859575914,0.00164067596113016,0,0
0.908336127733118,-0.0897480327511353,0.00157345809512291,0.00157237260415367,0,0
0.892239039266404,-0.0915706533667005,0.00163022865739882,0.00160739340226808,0,0
0.930298380061737,-0.0781767523348962,0.00155954414472825,0.00156988111970017,0,0
0.906049557977975,-0.117444972466317,0.00156977708082319,0.00160484096058871,0,0
0.891563537821132,-0.0958897053816321,0.00162082749270639,0.00160010290435152,0,0
0.926067040707433,-0.0787969520398874,0.00155867790260557,0.00156812173335812,0,0
0.930109577043981,-0.0834137256170867,0.00155211688483119,0.00157084820509007,0,0
0.878770459421302,-0.100182418678605,0.00163647468691959,0.0016066223701362,0,0
0.900338779569429,-0.0928975336242623,0.00158720360330867,0.00156942632100855,0,0
0.912479706118983,-0.104909759145371,0.00157456455035413,0.00159609809566067,0,0
0.888427259565617,-0.0990228104871443,0.00161255095786907,0.00159959205583908,0,0
0.927674479310162,-0.0978616899917506,0.00157334136446137,0.00160586428304825,0,0
0.922406888078843,-0.0907447045294968,0.0015595688086325,0.00158114821599532,0,0
0.901906108663823,-0.0741104789966854,0.00159446124299933,0.00156536045705475,0,0
0.900026890182804,-0.0744859938367912,0.00160155258546574,0.00157180691598327,0,0
0.898222958276696,-0.116330312667039,0.00159467528172099,0.00162058206118861,0,0
0.92011297496703,-0.0965342854646323,0.00156503367832261,0.00159239232639741,0,0
0.926702918291804,-0.0801643996778117,0.00156928402040015,0.00157723955716558,0,0
0.922433361905322,-0.058012886851861,0.0015662401780639,0.00153266771715621,0,0
0.932802290002203,-0.0833640393560302,0.00153963306229879,0.00155988026605049,0,0
0.889947932434473,-0.118380875515287,0.00161020979295153,0.00162033667538641,0,0
0.903939467259241,-0.0951718431589423,0.00158058013860053,0.00158208259116365,0,0
0.903871179744528,-0.0993263336255267,0.00159821748140886,0.00160648923893905,0,0
0.925230498017523,-0.0892789271959674,0.00155549771541917,0.00157615233514032,0,0
0.901325880494123,-0.084029120442854,0.00159484602189481,0.00157650191953415,0,0
0.930662348526918,-0.0892074520536788,0.001556071483641,0.00158467285008002,0,0
0.896639125951739,-0.104878403420558,0.00161418175924717,0.00161593536542765,0,0
0.898533704255462,-0.0920283867016396,0.00161246212585105,0.00159609213302264,0,0
0.892526255361361,-0.109942046414206,0.00160255233428867,0.00160161050016357,0,0
0.912226724891477,-0.0990413817971546,0.00156854416872821,0.00158376057709062,0,0
0.934993921089277,-0.0627731088071121,0.00156657796514372,0.00156564481390321,0,0
0.920299595880383,-0.08750608950969,0.00158782679315279,0.00159998878372723,0,0
0.953235708051622,-0.0668989869682365,0.00154015250536418,0.00156796911158217,0,0
0.912208156999163,-0.113292153691424,0.00158135170202921,0.00161590989592923,0,0
0.877105542442185,-0.105209062454943,0.00161977454634808,0.00159747351206194,0,0
0.889025816285561,-0.0916694155615675,0.00160532992933057,0.0015785961811559,0,0
0.91637262421305,-0.0689494014091287,0.00158079729281079,0.00156011847165891,0,0
0.885540650640299,-0.123701978843112,0.00160355119532694,0.00161614406022497,0,0
0.917627635559354,-0.100949455722117,0.00155224092924747,0.0015748323159349,0,0
0.937245527274659,-0.0835922469908553,0.00156772975498339,0.00159699297696808,0,0
0.897599103322448,-0.105238115822168,0.0016005680404284,0.00160197813037461,0,0
0.928528156372097,-0.102723500020759,0.0015631806437814,0.00161196893763513,0,0
0.906976900196967,-0.0843435606452596,0.00158737429342857,0.00157293350212388,0,0
0.912735474737588,-0.0890913012040516,0.00157726420367842,0.00157780203951084,0,0
0.908145242414694,-0.0991610277524698,0.00158772300811625,0.00159755540864883,0,0
0.942463328320794,-0.0540222951728214,0.00154155902307065,0.00153866432719592,0,0
0.913806592510167,-0.107779831146983,0.00155497745316869,0.00159447964698464,0,0
0.928962567113469,-0.0866208803851662,0.00156227744930972,0.00158677102496852,0,0
0.888706414480791,-0.119040299979868,0.00160186334368853,0.00161022703821283,0,0
0.903982572566846,-0.100575866624152,0.00158697654170275,0.00159429205714509,0,0
0.885138997849265,-0.0845866433508848,0.00160600942210435,0.00156344771576459,0,0
0.914787197688416,-0.0956120589486085,0.00157051938482342,0.0015804179396356,0,0
0.897595336353102,-0.0971021973608235,0.00158865155323135,0.00157978902289075,0,0
0.916299652440811,-0.0815745529557937,0.00157890871355768,0.0015791272939475,0,0
0.926233333150966,-0.0683649232068017,0.00156408740961007,0.00155765038709274,0,0
0.884312471688517,-0.1230132736813,0.00159942272236111,0.00160671771813574,0,0
0.894248723226864,-0.0918889304637302,0.00160226408855265,0.0015849716832818,0,0
0.910225439250491,-0.0787296271460686,0.00158730389118193,0.00157021395606939,0,0
0.926203242772616,-0.0832441217591281,0.00156394622891309,0.00158557544746047,0,0
0.898478139371738,-0.10535304762694,0.00160017427727305,0.00160135511018399,0,0
0.9102603593575,-0.105114773186641,0.00155537614253127,0.00158084440013101,0,0
0.883841885983118,-0.0871881163238507,0.0016278696632046,0.00158683804987492,0,0
0.928379183433466,-0.100314275201054,0.0015712619878246,0.00162086051666223,0,0
0.918044540514361,-0.0845822921847285,0.00158494058060086,0.00158537812312192,0,0
0.907010370985572,-0.0742852711676336,0.00159512322352236,0.0015709076767425,0,0
0.918476414420258,-0.0817226663903937,0.00157270366996518,0.00156756478593226,0,0
0.897791969894895,-0.120654778807944,0.0015841667830961,0.00161420725232451,0,0
0.89279676479074,-0.0982561263894228,0.00157320951218772,0.00155560078637557,0,0
0.903279480763676,-0.0794190995040691,0.00160833967127382,0.00158128556736013,0,0
0.880293883758254,-0.116884447766783,0.00163449743333743,0.00162878911600356,0,0
0.908684970109972,-0.0716350079173901,0.00160293520809263,0.00157009080493326,0,0
0.897405324632223,-0.114742008967263,0.00160626568083021,0.00162167441134492,0,0
0.924553839512321,-0.0773906034373052,0.00156538621810045,0.00156388313543447,0,0
0.92701009094681,-0.056119761220544,0.00157953691199786,0.00155479767374726,0,0
0.914897223863166,-0.077588773351525,0.00157704501624107,0.00156710869060154,0,0
0.907017022956408,-0.0901380481050172,0.00157953394697379,0.00157765755582165,0,0
0.93673639202939,-0.0660057962991518,0.0015350175133694,0.00153820123286708,0,0
0.915975546409139,-0.0918672982905846,0.00156559088582406,0.00157885912087907,0,0
0.934167950241058,-0.0872726733724291,0.0015453768111,0.00157814723182847,0,0
0.904556998687221,-0.0873308415539995,0.00158877271047152,0.00157475657452566,0,0
0.901714651065107,-0.0947613787897908,0.00158687259847305,0.00158513142400322,0,0
0.90650199118478,-0.087912265242035,0.00158728501510667,0.00158686168992903,0,0
0.927367109896423,-0.0719729786488536,0.00156014810431674,0.00155918063842964,0,0
0.906770176382327,-0.095283424006609,0.00159089927296498,0.00159303201346646,0,0
0.887404994286181,-0.107666700446031,0.00161919645432461,0.00161690956886503,0,0
0.89148628813633,-0.108004593858452,0.00162064850328385,0.00161633676352213,0,0
0.914222558962384,-0.083599857918932,0.00158799811695345,0.00158736757185649,0,0
0.947008278582822,-0.0991042483724837,0.00153425554915532,0.00160417594284833,0,0
0.937625803442876,-0.0720589528757365,0.00154669348954693,0.00156142806873957,0,0
0.915415988225394,-0.0769022187198377,0.00157045132314278,0.0015571610304122,0,0
0.957560871065317,-0.064858138058433,0.00152566452683193,0.00156602049223144,0,0
0.92273596782691,-0.10032096685649,0.00157347818816485,0.00160677956143013,0,0
0.921281915520291,-0.0708179772663288,0.00158171797600067,0.00156722487796527,0,0
0.932102629273911,-0.0962555566676458,0.00156920216093624,0.00160786385730144,0,0
0.902345184848963,-0.110901121531895,0.00158264061136802,0.00160131335283996,0,0
0.8884773752383,-0.11117145476436,0.00160814787723981,0.00160698348456985,0,0
0.927397387167321,-0.0531734282839067,0.00157181898808315,0.0015460110994559,0,0
0.90791441077719,-0.104718266932864,0.00159615493840091,0.00161403337526439,0,0
0.87875603945156,-0.0947824238979089,0.00162893235797096,0.00159480129841421,0,0
0.909959293161173,-0.0932579777542497,0.00161125494783882,0.00161639932361616,0,0
0.950480012461685,-0.057891931050469,0.00155093066736301,0.00156207377201558,0,0
0.90208486128763,-0.109329434995152,0.00158623696879785,0.00159979283242201,0,0
0.898414263860841,-0.105692020264641,0.00161728226336595,0.00162478744423851,0,0
0.910436923196048,-0.0889324785109178,0.00159659853698603,0.00159796076891134,0,0
0.882228802979844,-0.0711262883899778,0.00162620880959788,0.00156235395410625,0,0
0.910176275372559,-0.0806915310157817,0.00158826523012614,0.00156717739127381,0,0
0.926155452017823,-0.090163613935567,0.0015552480919713,0.00157803833363709,0,0
0.905835688312235,-0.0610275757941534,0.00158893081570807,0.00154190611912328,0,0
0.89619691481939,-0.098436612211571,0.00160097811077276,0.00159759463494449,0,0
0.884376033133797,-0.111312297274906,0.00160872710872797,0.00160804121386282,0,0
0.908078425514887,-0.111224228898325,0.00158122415759762,0.00160864959285278,0,0
0.890381587502004,-0.0838092776968245,0.00162751059745518,0.00158497956612735,0,0
0.935332616866745,-0.0517195595397478,0.00155366930819742,0.00153613812962695,0,0
0.903985871657684,-0.0768811128827388,0.00159716063409838,0.00156787033758885,0,0
0.894846267543886,-0.101098611994701,0.00160880763499577,0.00160608194257708,0,0
0.903456007024253,-0.089368269295752,0.00159273318487782,0.00157846929375482,0,0
0.88384662778182,-0.0987891992798311,0.0016186180164659,0.00159092059987438,0,0
0.921811990527508,-0.0654753085422116,0.00158132635986539,0.00155950459268481,0,0
0.897133411842924,-0.0903061733038626,0.00162402412258797,0.00160111458695546,0,0
0.919234576949883,-0.0842018583366746,0.00156404781212096,0.00156746775882809,0,0
0.918511947979556,-0.066597926846069,0.00158036276319203,0.00155849607568828,0,0
0.938917049829782,-0.0689225278769845,0.00153655422759321,0.00155379677131811,0,0
0.935866419601929,-0.0537872059434973,0.00155858440184445,0.0015465347817091,0,0
0.94878135327906,-0.0750663606289857,0.00154654839917818,0.00157879265717113,0,0
0.917984785275934,-0.0945973840554226,0.00159347523430965,0.0016119895644377,0,0
0.916368670753121,-0.0543427804050126,0.00159157810245013,0.00155258689985221,0,0
0.908599695706536,-0.0952224334364337,0.00157627361275805,0.0015794354600697,0,0
0.883034336482196,-0.111161035837211,0.00161321149561163,0.00160566835546038,0,0
0.916551747766742,-0.0922020898000753,0.00159046352964807,0.00159705266361793,0,0
0.897192497778493,-0.100254187925009,0.00160622237343971,0.00160525543809101,0,0
0.909183840116146,-0.0940172435963962,0.00158144008863513,0.00158737927878457,0,0
0.882643345517478,-0.12284193687264,0.00162632302794693,0.00163692347332874,0,0
0.927370273917015,-0.082962192150468,0.00156515034828754,0.00158027839940916,0,0
0.929175861737204,-0.0734470643613766,0.00157040188335771,0.00157437110710218,0,0
0.917298691860939,-0.0739751845757952,0.00158670155455414,0.00157370558133725,0,0
0.901411355904719,-0.0880083819707293,0.0016005431068053,0.00159111797650848,0,0
0.895436689941874,-0.110308408366298,0.00160263998431905,0.00160945619541837,0,0
0.879491801494939,-0.115182629433713,0.0016240819071849,0.00161960990585812,0,0
0.936383166443007,-0.0848082114719528,0.00155157059769105,0.00158231729332851,0,0
0.90262865474031,-0.0960999608971558,0.0015973732988698,0.00160274618465712,0,0
0.919934935713848,-0.0673919780634827,0.00157038348271625,0.00155332939412027,0,0
0.9122745878576,-0.116954303826577,0.00157721303705585,0.00162042721156809,0,0
0.935429287463282,-0.0636547083432287,0.00155068671084927,0.00154772006925481,0,0
0.929771202002132,-0.0799839430926819,0.00157235817840902,0.00158365055918711,0,0
0.906424363958794,-0.0836122955685896,0.0015858891388156,0.00156925067277896,0,0
0.913054263743552,-0.0802262659114169,0.0015778224960792,0.00156903665221485,0,0
0.908535632955675,-0.104643355515168,0.001568279518862,0.00158075436475363,0,0
0.918899290162107,-0.0851546642142172,0.00157323623219618,0.00157915858983414,0,0
0.904479307888493,-0.0666915231021494,0.0016078676548037,0.00157219577675027,0,0
0.911373931006474,-0.0732236570450523,0.00157777909126257,0.00155675608093367,0,0
0.914691069300729,-0.0759585109656333,0.00155905644848412,0.00154695369553702,0,0
0.916718045720459,-0.0736416400656886,0.001570662775988,0.00156138305922248,0,0
0.937695074066501,-0.0697478902357263,0.00153858668822688,0.00155203562876602,0,0
0.869898636552058,-0.135851749335723,0.00163809765192858,0.00164481012090714,0,0
0.893239499613524,-0.116511020246606,0.00160967195089042,0.00162455941349407,0,0
0.911822031503598,-0.0789875960922864,0.00157328835887124,0.00156666929969655,0,0
0.949411215289477,-0.0610930052367033,0.00155097164741118,0.00156162381376938,0,0
0.894869901385338,-0.0992285361593006,0.00158548473986763,0.0015772004725367,0,0
0.895507113748193,-0.111566934413004,0.00158454103195745,0.00159483592071959,0,0
0.896912289373874,-0.11036806692609,0.00159188897122839,0.00160387760461809,0,0
0.895553292690154,-0.104381289572254,0.00160787467461912,0.00160290409950875,0,0
0.871784934621629,-0.134940042974376,0.00162789840932955,0.00163843835320859,0,0
0.895314143884212,-0.0864576165379407,0.00159245956401875,0.00156194695685249,0,0
0.938041633791616,-0.0755055354943889,0.00153744423409158,0.00155126848687031,0,0
0.91471626388208,-0.0765825549169853,0.00158984199831752,0.001577430810158,0,0
0.890809430471041,-0.134624784804984,0.0016086224591205,0.00164260391785763,0,0
0.932874306296006,-0.103997125579553,0.00155155566665058,0.00160277189762314,0,0
0.875216197595381,-0.110453836483796,0.0016275236542011,0.00160847054367599,0,0
0.930607470096966,-0.0659802192978787,0.00154479183000056,0.00154366425014911,0,0
0.908158878736851,-0.102189137813898,0.00159176486696115,0.00160181595680815,0,0
0.909789995785738,-0.0976708508888441,0.00156454795155705,0.00157409323874405,0,0
0.895927317885585,-0.100044812356566,0.00160017203717537,0.00159149242248172,0,0
0.91443806246586,-0.0915286236967711,0.00158003102699266,0.00158573772237652,0,0
0.897209740048087,-0.0855238989416738,0.00159126361213494,0.00156424823219229,0,0
0.889932662251543,-0.0884753711785949,0.00161603997856502,0.00158352069967173,0,0
0.909618461683858,-0.0955187170604668,0.00157762608186854,0.00158259560765716,0,0
0.875070757238577,-0.107016267462915,0.00161262721361898,0.00158625999649012,0,0
0.90023886532911,-0.104710674956873,0.00159771017150847,0.001597765817704,0,0
0.889398858683518,-0.0989088141425858,0.00161952117495477,0.00159610564881617,0,0
0.939156593831359,-0.0683618317891227,0.00154624744745275,0.00155884261244252,0,0
0.923620392198438,-0.0761420645836694,0.00156069156778209,0.00156213475255308,0,0
0.918205485660871,-0.0980413433541186,0.00157719868144279,0.00159449471207913,0,0
0.882830028578657,-0.0762553013716896,0.00161862129419598,0.00156138371129178,0,0
0.920801097182427,-0.0735128484523359,0.00156545500327224,0.00156120627039312,0,0
0.920365316993149,-0.0841257592296414,0.00157970739510605,0.00158503999506764,0,0
0.889337519332223,-0.123375620854696,0.00161160037791648,0.00162689623734613,0,0
0.900027722233958,-0.084113568230119,0.00158483277597457,0.00156557970558202,0,0
0.909936568381902,-0.0818304783227693,0.00156499815978686,0.00155219104293191,0,0
0.935192225278825,-0.0676174105121739,0.00154322011129281,0.00154290768306324,0,0
0.934796500071607,-0.0781344954769471,0.00154977897953046,0.0015631712286872,0,0
0.917828223283128,-0.120204919771345,0.00155880189218656,0.00161311290495272,0,0
0.908890048022701,-0.109083100077621,0.0015772730560919,0.00160295407839899,0,0
0.921171562229829,-0.0829199286626621,0.00157061746397632,0.00158198158069952,0,0
0.891981456283903,-0.099581762508882,0.00161213062809109,0.00160107368164811,0,0
0.905685788553555,-0.101290185598911,0.0015741201583578,0.00158141293541155,0,0
0.912123159198486,-0.123994690221689,0.00157128484236903,0.00161982098472538,0,0
0.892218601287139,-0.109327960535603,0.00161262215414887,0.00161275524185184,0,0
0.932099712642174,-0.0820660406117128,0.00155075467587754,0.00157436430116534,0,0
0.907492144571716,-0.0911992161440464,0.00158645346569418,0.00158110690128398,0,0
0.882557108624575,-0.115983734502389,0.00161066866149618,0.00160212030724759,0,0
0.937740692151958,-0.0570122791813185,0.00156972502545905,0.00156031370768564,0,0
0.927157125809692,-0.0944613336322405,0.00155556705679345,0.00159217892531888,0,0
0.910535801808339,-0.110342485578371,0.00156568421263148,0.00159545331088947,0,0
0.89843826969291,-0.105433327088256,0.0016309031900817,0.00163768284593144,0,0
0.906171203143344,-0.104690117438549,0.00158524320919166,0.00160315249276265,0,0
0.916656026419645,-0.0853003947481294,0.00159059808222804,0.00159353917824935,0,0
0.925092090534307,-0.0747470176358378,0.00157400432358536,0.00157723675827102,0,0
0.923244144460184,-0.0665549608907882,0.00156188158681021,0.00154887675094123,0,0
0.891473713091722,-0.0894689774639713,0.00161933963820429,0.00158994329772091,0,0
0.907333130108844,-0.0964184026337615,0.00157956413802007,0.00158117422871329,0,0
0.925163869566843,-0.107060039813604,0.00155500332790469,0.00160297082393047,0,0
0.934815179125374,-0.0824950587085502,0.00156626430162926,0.00158491585674521,0,0
0.908705805200256,-0.0802398793244248,0.0015845548759706,0.00156987760845782,0,0
0.898863701936156,-0.0991954019747829,0.00159843546225704,0.00159050304552739,0,0
0.905052001491405,-0.106579589278393,0.0016001753942072,0.00161913407421189,0,0
0.927480010679928,-0.0950847791003339,0.00156459276622731,0.00159291066131545,0,0
0.930756531561724,-0.076760122680379,0.00156487576137357,0.00157600024200292,0,0
0.916262534509185,-0.119677909280567,0.00158566915727063,0.00163702972716765,0,0
0.863208973731999,-0.130923888659417,0.00164052028215217,0.00163327493039486,0,0
0.917338286082302,-0.11399426336405,0.00157407893864679,0.00161801739298008,0,0
0.880340339946054,-0.101231041681238,0.0016081273452495,0.00157942443716383,0,0
0.906352030436768,-0.0958602868443803,0.00158993757015167,0.0015937779250638,0,0
0.920154837624417,-0.0757382086051829,0.00156760772074143,0.00156466801366373,0,0
0.921145420025534,-0.103301688124798,0.00155744842824058,0.0015918024639564,0,0
0.919737572875568,-0.080612955935888,0.00157150538747304,0.00157285265127028,0,0
0.91573892366593,-0.0912928375798386,0.00157688993887112,0.00158557383162937,0,0
0.87461426050422,-0.118423496786599,0.00163217518982342,0.00162326327732357,0,0
0.930074757716114,-0.0816999256234981,0.00155590254632207,0.00156733049788998,0,0
0.928296351612851,-0.0701318466575574,0.0015741955794888,0.00157379930153779,0,0
0.933369566531507,-0.0503151548044928,0.00157191864940123,0.0015475369627058,0,0
0.886660726198969,-0.0883870552722921,0.00160399792025129,0.00156620382551501,0,0
0.928742847917739,-0.0792384277003331,0.00156840572645936,0.00157671836852664,0,0
0.924131137223807,-0.0784630430493542,0.00156999063749193,0.00157612998694269,0,0
0.886417358748829,-0.107744521883381,0.00159497947660249,0.00158470430244324,0,0
0.9257161700793,-0.105681606102134,0.00155339668096139,0.00160131696510885,0,0
0.921321935143365,-0.0795571888209205,0.00157714121726791,0.00157282712804822,0,0
0.892685408083198,-0.107674576749251,0.00160033251211069,0.00160301153904472,0,0
0.923256023498226,-0.0723598625550109,0.00156229240261973,0.00155160505792756,0,0
0.884186377687046,-0.0863296187762398,0.00160287130512905,0.0015593831575625,0,0
0.943219291433367,-0.0403841066931741,0.00155609844811701,0.00152977874303927,0,0
0.92974321389719,-0.0654716264178222,0.00155767018204488,0.0015498165176725,0,0
0.881666593922428,-0.100243056244178,0.00161141538047062,0.00157897013597109,0,0
0.917230202415336,-0.0785822765057694,0.00156331639945506,0.00155839496579945,0,0
0.932429090148321,-0.0672976326550343,0.00155280332912714,0.00155474729384111,0,0
0.921909848025886,-0.0900738395949006,0.00159053998780063,0.00160655412754034,0,0
0.9038305888556,-0.104838439750059,0.00160614896499931,0.00161871544252167,0,0
0.920916562392458,-0.0764512874325744,0.00157517001088917,0.00157187796590615,0,0
0.926008464737746,-0.0902201057431183,0.0015637951242614,0.00158634543891483,0,0
0.917246161417086,-0.1087129508633,0.00157725585103593,0.00161301167370305,0,0
0.897444434974739,-0.0927088072496615,0.00161579629261613,0.00159589046800955,0,0
0.906351120522081,-0.0675303634114351,0.0015820589871124,0.00154460551208868,0,0
0.944937009452972,-0.0643372814339716,0.00153099636025305,0.00154790276938476,0,0
0.914811023766999,-0.0767859439261339,0.00156943336041882,0.00155595755361404,0,0
0.909667325270133,-0.103012246020473,0.00159852895064547,0.00161951837100934,0,0
0.915262659636621,-0.078761207375385,0.00157066268692508,0.00156033386756748,0,0
0.915221558182319,-0.104873562432059,0.00157287929558995,0.0016057709385662,0,0
0.922358326948984,-0.0706183598593295,0.00157058589989589,0.00156131796936751,0,0
0.915202460618409,-0.11636704126436,0.0015738373408386,0.00162171987485426,0,0
0.941936568232871,-0.0640461676467687,0.00155130676606282,0.00156325983711529,0,0
0.914853612872769,-0.0967490878618534,0.00157913093720634,0.0015933725029136,0,0
0.91145263689826,-0.101361179171916,0.00156813369836224,0.00158447554282516,0,0
0.911099250136692,-0.0842505573768459,0.00158471034215256,0.00157578826705394,0,0
0.920704390131228,-0.0947958379541208,0.00157879349897976,0.00160091989839936,0,0
0.916488815751553,-0.088398642628429,0.00157002971837975,0.00158153355962516,0,0
0.898404154105058,-0.0944349147032632,0.00159491138470702,0.00158539202638863,0,0
0.89695207485247,-0.0865003791247659,0.00160407826269954,0.00158562901924694,0,0
0.922159532359038,-0.0837795498012264,0.00155258603262865,0.0015633301565343,0,0
0.904191472197942,-0.0830869702159499,0.00158514881627092,0.00157043126089746,0,0
0.923283432366922,-0.0999625865898902,0.0015503059217543,0.00157849107529279,0,0
0.91530802722958,-0.0887905353900938,0.00157751060588842,0.00158773343157128,0,0
0.936829796366604,-0.0706950652114896,0.0015740856386616,0.0015833310225754,0,0
0.921335658964774,-0.0791115828349109,0.00156409238313355,0.00156830095242718,0,0
0.881860592939624,-0.114348094056824,0.00160347299637341,0.00159145933779992,0,0
0.929005017934082,-0.074902847365822,0.00156398598956824,0.00156652249728765,0,0
0.900752673430146,-0.107962703527835,0.00159298828497367,0.00159921386942078,0,0
0.921110076254172,-0.0733102717848173,0.00158383661835507,0.00157952998862268,0,0
0.916969214025556,-0.0782657656324004,0.00157739055819689,0.00157445601703325,0,0
0.914859079325494,-0.0929834520770469,0.00157330710522389,0.00158483759508951,0,0
0.892699537387789,-0.0997771765096391,0.00160579868343235,0.00159825169737434,0,0
0.926464915656281,-0.0786907072510031,0.00157229693953298,0.00158556836459195,0,0
0.943506916797719,-0.072312143114914,0.00154263936131809,0.00157206905666297,0,0
0.908069756656177,-0.0982343071873694,0.00157735662695623,0.00158442565076,0,0
0.898618011386574,-0.0881982015257691,0.00159354406639784,0.00157096162849339,0,0
0.888177654083139,-0.0789845571603375,0.00159590023753464,0.00155346874906776,0,0
0.895985522741991,-0.0924037381559707,0.00161433708561771,0.0015979642950115,0,0
0.920065031966472,-0.074944908683834,0.00157598091600145,0.00157222895534944,0,0
0.908361514019309,-0.0879561947560213,0.0015909310440922,0.00158790291265033,0,0
0.911382969967097,-0.112763983417927,0.00157017008292811,0.00160942719782723,0,0
0.908495769332325,-0.0978292004723435,0.00158259003711971,0.00159005932976445,0,0
0.900009524183198,-0.12409638860118,0.00158347150032828,0.00161711842254167,0,0
0.906486318877367,-0.0617311592771876,0.00156680382295232,0.00152245938942709,0,0
0.898149308704203,-0.0975784219898306,0.00160395636976804,0.00159830949589225,0,0
0.938719680918966,-0.0898348031284352,0.00156174089738866,0.00160150561552008,0,0
0.900867201504414,-0.0987557314023698,0.00158882642727423,0.00158995483531803,0,0
0.908540365742975,-0.0969752639702041,0.00157549267947238,0.00158342828092282,0,0
0.892022175774751,-0.0825892008020089,0.0016128832229767,0.00158201060025143,0,0
0.905367020747781,-0.0997624830770307,0.00159497804080319,0.00159819125808485,0,0
0.90972541669375,-0.0867316765019516,0.00158321565211744,0.00157778810146225,0,0
0.912227500277505,-0.0923208289072038,0.00158672404035464,0.001591933005637,0,0
0.899875305773278,-0.106135153403586,0.00159353186967478,0.00160069304519084,0,0
0.9234058940074,-0.123688867931957,0.00157307264083485,0.00163889977785781,0,0
0.913106364402449,-0.0861391005337935,0.00159527973356787,0.00159848514489719,0,0
0.913582982942875,-0.0889960300498515,0.00158403716115769,0.00158187217989404,0,0
0.880927476074124,-0.114656695930287,0.00161267945651872,0.00161151702273227,0,0
0.909261848190961,-0.0969936846857741,0.00160095023788268,0.0016082928839019,0,0
0.930938295112857,-0.0810137194364595,0.00156453186750283,0.00158071512323651,0,0
0.925396646305609,-0.0621573679934177,0.00156961464767967,0.00155019751312822,0,0
0.923784897720901,-0.070814869420356,0.00157833381833414,0.00156896337441482,0,0
0.937472241669678,-0.0739218191341105,0.00155207177286892,0.00156965811628591,0,0
0.904052891371079,-0.0756774876492591,0.00159237435301482,0.00156146998155249,0,0
0.934421185740741,-0.0590070556356825,0.00155022424072263,0.00154677708237151,0,0
0.922278074421915,-0.0757804989773487,0.00157533327791079,0.00157106965984443,0,0
0.924673547605575,-0.0672778304548555,0.00155936336370026,0.00154726415500231,0,0
0.91711303565939,-0.0773979314484021,0.00159597172586089,0.00158677192778173,0,0
0.909520515668838,-0.0803900854055654,0.00156936386382356,0.0015601196244365,0,0
0.925165185340919,-0.0794476125136888,0.00156503967232071,0.00157031574073629,0,0
0.904074538919873,-0.102507109121913,0.00158547086868708,0.00159535117926707,0,0
0.876800032996591,-0.138597327751477,0.0016159470549876,0.0016381181866964,0,0
0.907738735568399,-0.0835613582206133,0.00159093612944716,0.00158498823826019,0,0
0.890357132570413,-0.106141797531321,0.00160894603600354,0.00159872144366128,0,0
0.924026341176879,-0.0897673096343306,0.00156280149001004,0.00158600155131032,0,0
0.92144369825933,-0.0741331524473562,0.00157322347004748,0.00156517242072151,0,0
0.908788787086204,-0.110213971702798,0.0016251890667225,0.00164850680436919,0,0
0.898637069527332,-0.109049615292067,0.00159270028916735,0.00160359483086549,0,0
0.916297027877863,-0.094863817584541,0.00158125338713002,0.00159277807215409,0,0
0.926177743522786,-0.0885684331247674,0.00156293026071776,0.00158359291942484,0,0
0.914060328636581,-0.112477991338714,0.00156861756006794,0.00160227289690524,0,0
0.925965565410132,-0.0655730259259712,0.00156643731972766,0.0015544129982164,0,0
0.923689416864807,-0.100263101469397,0.00155975383398136,0.00159745002262027,0,0
0.905770925306953,-0.0966915929673412,0.00159980082100172,0.00160225168811122,0,0
0.913352328689242,-0.0752061065584969,0.00158885858685244,0.00157882116738602,0,0
0.90027061079388,-0.0784989149914278,0.00160105112127998,0.00156422896274934,0,0
0.944497700380608,-0.0430578110805917,0.00152993759880902,0.00151515410662858,0,0
0.907626214573643,-0.08046223095287,0.00158707448044316,0.0015676272869006,0,0
0.884088755722675,-0.108131602120912,0.00158565825630311,0.00157384854082447,0,0
0.90492591082212,-0.0795330587534112,0.00159404626979521,0.00157629732902488,0,0
0.926565799957193,-0.0732265784073971,0.00155583755152794,0.00156296423230382,0,0
0.900000432630084,-0.098668541424239,0.00159885682923169,0.00160043495088737,0,0
0.91862539163908,-0.0578058736512951,0.00156891812258532,0.00153021813403712,0,0
0.944731555331623,-0.096541789767542,0.00153544765224821,0.0015957470223914,0,0
0.897784835943934,-0.127287250715142,0.00159014965600209,0.00162872989703808,0,0
0.898888432309667,-0.11738183452311,0.00157292594781014,0.00158957063828577,0,0
0.92427039200619,-0.112679543051553,0.0015710198268228,0.0016277871590228,0,0
0.928323711434615,-0.0764196341074671,0.0015608897391961,0.00156454526472014,0,0
0.894306562254541,-0.112585684783398,0.00158543556270655,0.00159039162303415,0,0
0.916249455121228,-0.0765750721949659,0.00158096398843621,0.00156746293392456,0,0
0.924021911579,-0.0869867094150361,0.00157901709131049,0.00159311329849789,0,0
0.890994726192948,-0.0926669038683196,0.00160262137915084,0.00157703257605293,0,0
0.94011267040607,-0.0753610450291735,0.00155345635269348,0.00157112404458926,0,0
0.934345065332668,-0.056866023879575,0.00155110502464196,0.00153923474052327,0,0
0.900109921555437,-0.110636000030537,0.00160416873509197,0.00161955909975946,0,0
0.901507563735617,-0.11094481710026,0.00158659920915014,0.00160454848758166,0,0
0.908222201550177,-0.0936480610041493,0.00157833422524041,0.00157755538895413,0,0
0.927735796417027,-0.0930290233345155,0.00156086071746815,0.0015942113521934,0,0
0.907797881703605,-0.0940456261120628,0.0016034110558348,0.001609474196283,0,0
0.885355477303398,-0.12030707991949,0.00160073815093013,0.00161075067006,0,0
0.907929895544468,-0.0982756557097528,0.00158726117869409,0.00159345370841412,0,0
0.915573979229593,-0.0915245455511674,0.00159682218044894,0.00160517644799664,0,0
0.935985305430746,-0.086289172965193,0.00154307504003926,0.00157169896311319,0,0
0.922785162701565,-0.0962155298499903,0.00156489689900593,0.00159235329309492,0,0
0.923797508553193,-0.074526009877041,0.001568197146006,0.00156813628469484,0,0
0.918685669360192,-0.0806309831502997,0.00159611864228773,0.00159330192572359,0,0
0.922270812476857,-0.0853516456176681,0.00157849519879109,0.00158741264394323,0,0
0.905472713032167,-0.0688006584807223,0.00159980218695613,0.00156555520060424,0,0
0.886434441907245,-0.104324394550169,0.00161580769705428,0.00159801642507411,0,0
0.930172326325101,-0.0861319650866366,0.00156353622075837,0.00158771703058165,0,0
0.915069260698588,-0.0797539415480937,0.0015911321943194,0.00158481377284744,0,0
0.886631578586072,-0.0918878619838973,0.00161321771512284,0.00157945499041125,0,0
0.902664767178995,-0.0868487549544787,0.00159531912004445,0.00158183457410536,0,0
0.952450822708557,-0.0429805907771734,0.00154346178323323,0.00153462679505747,0,0
0.93451615840777,-0.0545328609261724,0.00155494937134938,0.00154124041889482,0,0
0.934048110878809,-0.0781459109305495,0.00154165802609471,0.00155458120497198,0,0
0.893375035716376,-0.111098705224353,0.00160191746934071,0.00161298392627667,0,0
0.891516608605005,-0.132509688101232,0.00160167304922981,0.00163571098586754,0,0
0.905709782632879,-0.0872559958415624,0.00157991418122291,0.00157370078009338,0,0
0.929299872772353,-0.066736970440663,0.00157070917778411,0.00156365383723053,0,0
0.915445992431125,-0.0939610922159865,0.00157807614224512,0.00158751301512216,0,0
0.928779064244953,-0.080456104980712,0.0015747662803566,0.0015885380400867,0,0
0.8947510887587,-0.0959151796053739,0.00160881897860893,0.00159449910890214,0,0
0.905163789425354,-0.120072599582229,0.00159647717844992,0.00163476361499189,0,0
0.92764367625793,-0.0714348927852317,0.00154223889701581,0.00154169427132187,0,0
0.924327684940709,-0.0738284629445197,0.00156652048384521,0.00156669340985524,0,0
0.915751882973662,-0.0817011574536581,0.0015611260505623,0.00156603622979064,0,0
0.90459127801133,-0.0925329557847282,0.00158250330183113,0.00157431467035802,0,0
0.894368310602368,-0.103671469511322,0.00160285409521993,0.00159669723835015,0,0
0.885905471010066,-0.100123186956504,0.00161341110668743,0.00159121703111626,0,0
0.910139097907682,-0.0938783837655422,0.00158676143361477,0.00159049250378569,0,0
0.91725459467418,-0.0842906026906033,0.00158920435434811,0.00158872328845481,0,0
0.90232941688819,-0.079518313557243,0.00158442521326443,0.00155907924869631,0,0
0.911691310112794,-0.0973461832615708,0.00157350094576439,0.00158958235078471,0,0
0.918944671939086,-0.10066671575952,0.00157732794241944,0.00160743346445449,0,0
0.898439129593989,-0.0839208464462587,0.00159707128424902,0.00157554158191526,0,0
0.924115921875721,-0.0691672116843568,0.00156891552495111,0.00155473164151545,0,0
0.922501888988376,-0.0708028065132787,0.00154727894857726,0.00153203312461048,0,0
0.905706956866641,-0.100534936173879,0.00157265423511261,0.00157887344067735,0,0
0.895564870308258,-0.0762218205504481,0.00160030978197537,0.00156364097915973,0,0
0.912843730328344,-0.0790386140350759,0.00157839464108934,0.00155820132734134,0,0
0.917862717863464,-0.102230839624787,0.00156060276441949,0.00158648824053955,0,0
0.911923245548456,-0.110561150130357,0.00158743529043564,0.0016213351607657,0,0
0.940028776541708,-0.0680394011320164,0.00155263667491117,0.00156049786245241,0,0
0.937549896148663,-0.0714680423526585,0.00153829608731652,0.00155214368489222,0,0
0.929043943503518,-0.0470220410587616,0.00156750937093262,0.00153069848330676,0,0
0.90914004903375,-0.0831126310859579,0.00157794414531908,0.0015716270888199,0,0
0.89552511646802,-0.111758538367639,0.00158046484885365,0.00159043918443284,0,0
0.900802873893644,-0.117551842076356,0.00158258636040725,0.00160883448745728,0,0
0.915604665332637,-0.0813499660690973,0.00155963563570768,0.00156122566101782,0,0
0.89252814849232,-0.0940249545817322,0.00162196438088356,0.00159712655023186,0,0
0.905405882820992,-0.0951057337380886,0.00158713238320846,0.00158563366335228,0,0
0.919960092537116,-0.090182404789721,0.0015622347460404,0.00157130090861823,0,0
0.90403964813688,-0.0912470717112548,0.00159543119473492,0.0015866478305847,0,0
0.887118280125883,-0.118425469603817,0.00161242574418056,0.00161762614588789,0,0
0.876711368281131,-0.122272025967149,0.00161968573994512,0.00161765660062384,0,0
0.927273381389044,-0.0986569966770728,0.00156493555678305,0.00159913487353747,0,0
0.922457302351321,-0.0644896976530302,0.00158755202193937,0.00156734057424314,0,0
0.923274051190314,-0.0761592070201463,0.00155126829482954,0.00154794570425708,0,0
0.915076286177601,-0.0954733807803571,0.00157036407279863,0.00159051360362558,0,0
0.931788894188984,-0.0693316093392922,0.00156688925062104,0.00156437167615652,0,0
0.883401378946067,-0.117776537810647,0.00162441661901479,0.00162662402248972,0,0
0.904212501878912,-0.083047754517458,0.00158542142208511,0.00156298546921462,0,0
0.914866494435228,-0.0831239137476306,0.00156185184356165,0.00155502499031381,0,0
0.907803960902619,-0.109598980115469,0.0015795822807,0.00161015660501373,0,0
0.887983076040266,-0.104318768461478,0.0016049792881272,0.00159142157193889,0,0
0.920109182019208,-0.0907794966173895,0.00156460223601792,0.0015788259395754,0,0
0.920555556621137,-0.0656183117061724,0.00157411203484647,0.00155736372690937,0,0
0.940901185848607,-0.0700332090907661,0.00154423801475992,0.00156038666293748,0,0
0.91309764712895,-0.0958389687069588,0.00158268181523247,0.00159700851444673,0,0
0.915733308194589,-0.102980508694149,0.00157239047955584,0.00159073902670312,0,0
0.948762469234063,-0.0374653614484734,0.00154017875739167,0.00152024653820277,0,0
0.901636991189153,-0.0851581506004901,0.00161499311655807,0.00159074758100041,0,0
0.892179664557002,-0.100324865600736,0.00161187438028408,0.00159955436189114,0,0
0.904800477661293,-0.0795392641901163,0.00159145989721148,0.00157244530102413,0,0
0.911245488965379,-0.094802977558697,0.00156646289306682,0.0015715684706976,0,0
0.909411340709095,-0.0841598726816403,0.00156893740144654,0.00155991866152594,0,0
0.907185301528806,-0.0726412028043476,0.00159394063804708,0.00156300189255092,0,0
0.908676995674875,-0.0847805070433114,0.00157829188585856,0.00156986886225268,0,0
0.884420104636319,-0.106871746944627,0.00160485117106776,0.00159275080103874,0,0
0.908175618847293,-0.0682226970830996,0.00158919475745359,0.00155470406184846,0,0
0.871663391724881,-0.0958412746925409,0.00162124996227519,0.00157896148540841,0,0
0.946808405583988,-0.05382738390818,0.00153336708315769,0.00153419937376718,0,0
0.910424347523691,-0.0773519597289576,0.00159909112971216,0.0015735079666412,0,0
0.895416795754117,-0.083765269306295,0.00160373322211558,0.00157573577712804,0,0
0.927057963611971,-0.062231464840767,0.00157028971314868,0.00155116267199614,0,0
0.919083244644728,-0.0652753979789623,0.00158119039647217,0.0015582301965107,0,0
0.932715487615057,-0.0601724552025984,0.00154911224784245,0.00153962746200168,0,0
0.909607646569057,-0.065872277646566,0.00158268275558417,0.00154935478892693,0,0
0.901428032540174,-0.100177086559333,0.00159122127710271,0.00159152717013341,0,0
0.906644653463171,-0.105351620730905,0.00158379904711284,0.0015968949621066,0,0
0.914750755991985,-0.0766845919930496,0.00158004493858271,0.00157026587635012,0,0
0.908226171263781,-0.0798612989815726,0.00158818736435892,0.00157557657738298,0,0
0.884130118976129,-0.112154580867212,0.00160906186548776,0.00159973277969495,0,0
0.895969822457622,-0.0775988372627209,0.00162052358766495,0.00158270129211165,0,0
0.909190994092343,-0.0966501523630583,0.00158386370340144,0.00159270315835357,0,0
0.929303843053478,-0.0636832266211573,0.00156935714554861,0.00156098346092244,0,0
0.937217014232451,-0.0540607302657729,0.00155675107940125,0.00154504283863019,0,0
0.919809166225757,-0.0748809610128045,0.00156936587800612,0.00155931748998838,0,0
0.902145679305378,-0.0927100044876543,0.00159611581085565,0.0015841387274426,0,0
0.914794513600885,-0.101965253527801,0.00158127113191936,0.00160936624141466,0,0
0.910839903997635,-0.121892202194513,0.00156638055628019,0.00161286615691461,0,0
0.878793422437419,-0.113162533430689,0.00160670351782702,0.00159652238935863,0,0
0.902631127553474,-0.092642902386099,0.00159710868629423,0.00159384943439309,0,0
0.940946811007981,-0.0716416123659093,0.00156521614691128,0.00158287138096638,0,0
0.928910467205266,-0.0874208227480123,0.00155158248109459,0.00158180432623901,0,0
0.913606319646678,-0.0949603693863018,0.00156598699426043,0.00158084776197415,0,0
0.954472154097523,-0.0699471981762772,0.00154031665669228,0.00157369917640193,0,0
0.932593050992666,-0.0884358192498797,0.00155592048189873,0.00159010640430536,0,0
0.924896413047576,-0.0943408923449392,0.00154160985351856,0.00156470498313825,0,0
0.927249326255178,-0.0787907115791865,0.00156441621868048,0.00157540766855768,0,0
0.927773016072472,-0.0695676136639739,0.00156704185091746,0.00155815709506877,0,0
0.927155321188939,-0.0616033510038293,0.00155179515660783,0.00153669314169525,0,0
0.929581361192799,-0.0794836321197409,0.00157581397824269,0.00159202927746164,0,0
0.897118064479828,-0.0961983894025838,0.00159697161302806,0.00159222373277234,0,0
0.899483994119114,-0.109349607725526,0.0016111685153261,0.00162038139054261,0,0
0.911583925351911,-0.0819066743364065,0.0015742742005259,0.00156512563249897,0,0
0.885721755038599,-0.097905533940064,0.00161253665329658,0.00158451417728309,0,0
0.901747829390213,-0.109586291815322,0.00157559346188562,0.00159186804210332,0,0
0.911354274935864,-0.0888100374125355,0.00159133899194354,0.00159139202494559,0,0
0.904845707562264,-0.113511266211483,0.00157823715751097,0.00160705657712913,0,0
0.918317954705505,-0.0687944919528799,0.00157633454647718,0.00156219963960433,0,0
0.924167154687105,-0.0797630511733404,0.00157229603683513,0.00157438016691148,0,0
0.928368938318338,-0.0848937278987695,0.00155949694435136,0.00157723232284034,0,0
0.920668088674963,-0.0945878504622424,0.00156695375178684,0.00158877193272138,0,0
0.897594392831926,-0.0946972845993366,0.00160487450485979,0.00159102377003618,0,0
0.89704856660068,-0.0883245931482521,0.00157972327548152,0.00155653043280581,0,0
0.91832721331376,-0.0816869375667363,0.00157238202381954,0.00157293911870505,0,0
0.916883872670953,-0.100241601515615,0.00156560459770726,0.00158955063785627,0,0
0.913061999310924,-0.0674559165538427,0.00158131115662932,0.0015583898104449,0,0
0.893821721389647,-0.0933364284375345,0.00160452022646103,0.00159232173775516,0,0
0.90634186939545,-0.10521678454552,0.00157948105202003,0.00159802465635218,0,0
0.926003632255929,-0.0727845025342478,0.00156693484284,0.00156374502474041,0,0
0.946682286047512,-0.100234355411453,0.0015359035647182,0.00160307041235616,0,0
0.891432805887803,-0.108990114062236,0.00160703366655546,0.00160724423759416,0,0
0.88967432342194,-0.104417472524045,0.00159830704755384,0.00158690989070815,0,0
0.891622375140047,-0.0775954504590113,0.00160025785546228,0.00155600530887852,0,0
0.912947370733853,-0.0927422555056705,0.00159708747350601,0.00160459192201831,0,0
0.885786303752712,-0.096660127207921,0.00159870154547898,0.00157777757183455,0,0
0.902261612811152,-0.0996428706220651,0.00158607081699268,0.00158875884816985,0,0
0.897100842274639,-0.0851754409781793,0.00161635150618849,0.00159569031201065,0,0
0.898991140932933,-0.0931902943809791,0.00160128393213153,0.00159228630738454,0,0
0.939935462338093,-0.0604013181919793,0.00156774762570477,0.00156798529843629,0,0
0.903091376488251,-0.0937612416168792,0.00157959634116564,0.00157597802462197,0,0
0.911171862863968,-0.0806708570021968,0.0016038726830582,0.00159618153175553,0,0
0.933067706262099,-0.0676591502742987,0.00155949035787462,0.00156154684139859,0,0
0.914461185039393,-0.0712884688442028,0.00158097385017772,0.00155807000599901,0,0
0.932751166503983,-0.0624891837625887,0.00154894395475047,0.00153844274532923,0,0
0.913502528443504,-0.0885394554157141,0.00156937217954539,0.00156983247872032,0,0
0.906460112802134,-0.0903984332134385,0.00159880663659313,0.00159638380077642,0,0
0.906300543855254,-0.101558365131845,0.00157763257603796,0.00158767980153929,0,0
0.90194741818012,-0.0889302107735093,0.00161635143476311,0.00159965998762863,0,0
0.908703223756619,-0.085605781434026,0.0015851055794277,0.00158107983883467,0,0
0.92147595585212,-0.0865923302788162,0.00156703250163429,0.00157855691723448,0,0
0.916315259638748,-0.0936496716584823,0.00157818767851865,0.0015946910706753,0,0
0.926097414511655,-0.0695530211899885,0.00156108578884829,0.00155521792118625,0,0
0.896203527815008,-0.093861831981786,0.00160225954176557,0.00159486244206032,0,0
0.888954150006003,-0.132881115705577,0.00158984590772952,0.00162152910596597,0,0
0.905946499043966,-0.0811813758581934,0.00159983579461054,0.00158516698504899,0,0
0.924572970751487,-0.0816809675863709,0.0015833515898492,0.00159448818663876,0,0
0.945374503800341,-0.0689366085101664,0.00153803118030861,0.00155079267226686,0,0
0.90667415459556,-0.0887058713708738,0.00158105264257126,0.00157986736637182,0,0
0.907868582442217,-0.0622355412701338,0.00160019440288928,0.00154890755964163,0,0
0.902688902739399,-0.10432259592134,0.00157702645680942,0.0015925161820582,0,0
0.905237983689084,-0.0955307628841601,0.00158062418699288,0.00158572318784205,0,0
0.921537027960187,-0.0762390241474496,0.00155518423842465,0.00155048395652298,0,0
0.918277417307692,-0.0664922661270917,0.00157949043849344,0.00155588143459524,0,0
0.870855528784252,-0.100797952338555,0.0016255221251613,0.00158611565502635,0,0
0.907072753600908,-0.0748635078983702,0.00161001068838583,0.00158811996324551,0,0
0.91574176514771,-0.076664901108195,0.00157937070613984,0.00157201494693522,0,0
0.929721711291801,-0.0623271187504442,0.00156502510090848,0.00155404303061486,0,0
0.910371878401846,-0.0884116192179248,0.0015802957087011,0.00158189707341909,0,0
0.927246179588183,-0.0647738504042381,0.00155938537506745,0.00155012218585521,0,0
0.906278287357132,-0.0832214811557534,0.00160638025377194,0.00159114829675379,0,0
0.918863972226153,-0.0949967761984982,0.00156523536021816,0.00158574409803521,0,0
0.906570064499594,-0.066774824082242,0.00158594599705123,0.00154885180590184,0,0
0.889796870798323,-0.100545349661231,0.00161345814858873,0.00160126244415726,0,0
0.925082413317061,-0.0925260361873401,0.00156955414151825,0.00159615691654396,0,0
0.941871957538018,-0.0781826036657748,0.00153252513769226,0.00156403784653262,0,0
0.907225986303629,-0.0943266318345938,0.00158496974304088,0.00159185890439921,0,0
0.918646875439471,-0.0805573373962174,0.00157943201820941,0.00157465203561589,0,0
0.906698498020471,-0.0914480872674183,0.00157534503104287,0.00156971549456305,0,0
0.911069999485255,-0.0844254650312307,0.00158848583073224,0.00158108953000691,0,0
0.903709074584166,-0.0748608269095206,0.00159849243278433,0.00157179241321624,0,0
0.941947922910772,-0.0654276462884169,0.00154952643123222,0.00156126997663595,0,0
0.90133099156282,-0.0854211486315461,0.00159356496206491,0.00156810692360786,0,0
0.925202985596105,-0.0858238963945639,0.00158286781309606,0.00160349644305451,0,0
0.904965601481007,-0.0519220790276217,0.00159932849307032,0.00153597736856264,0,0
0.911886371781421,-0.0920592781682036,0.00159173967778805,0.00160261835879622,0,0
0.924564071407766,-0.0874789003344064,0.00156356332517449,0.0015777444528625,0,0
0.910391067722742,-0.0762891654078141,0.00158502602132838,0.00156676262680382,0,0
0.889882342713394,-0.108153871148399,0.00160854373501351,0.00160672698312221,0,0
0.889075886595152,-0.14452039167402,0.00160457970495612,0.00165195748187431,0,0
0.930575112828568,-0.0819717223405111,0.00157491496233097,0.00159408531807991,0,0
0.904616686683306,-0.091583289936614,0.00158421954499729,0.00157867305870427,0,0
0.889238462746216,-0.104199975878243,0.00160928825972637,0.00160194383042428,0,0
0.921306794576171,-0.0695237897703073,0.00158452905186245,0.00157518345263044,0,0
0.916889903783808,-0.0839645811825151,0.0015766274489426,0.00157944613042507,0,0
0.893599632206439,-0.102072656930285,0.00158483607048001,0.00157764311759944,0,0
0.919007729175616,-0.0984790251560273,0.00157528964889578,0.00159523484713268,0,0
0.932294622443764,-0.0880161710357107,0.00154448708814912,0.00157264527564738,0,0
0.884960836599725,-0.0971734521906191,0.00161397138147738,0.0015877501649972,0,0
0.938229961695288,-0.0694606729646529,0.0015463398225811,0.00155874698430998,0,0
0.917049658694296,-0.0795373214598932,0.00157416257781505,0.00156740259833565,0,0
0.90366941094745,-0.110790076302126,0.00157568451591857,0.00159989244063457,0,0
0.896720182346702,-0.0974900623589966,0.0015931461246537,0.00159349181789111,0,0
0.886691701841402,-0.102422122842479,0.00161244605921791,0.0016007264877022,0,0
0.922521249799548,-0.0864809419159819,0.00156502728434664,0.0015792083053387,0,0
0.921042680895109,-0.0820381434109552,0.00158340774294352,0.00158453067637697,0,0
0.9191061862274,-0.0678985173223536,0.00156686971672263,0.00155203249925789,0,0
0.902913304576648,-0.104099352383039,0.00159135058675027,0.00160134294255963,0,0
0.895728233936684,-0.0872211076359651,0.00158574786587402,0.0015686125456638,0,0
0.935348021031539,-0.0921178685854565,0.00155761087370829,0.00159863106570489,0,0
0.931346722540448,-0.0508539350314353,0.001587321809728,0.00155964646017294,0,0
0.903102000445948,-0.0908932208966316,0.00158761988420356,0.00158322779201421,0,0
0.891289452028652,-0.0919998145647977,0.00162535505810914,0.00159841234358619,0,0
0.927090938550906,-0.0860722540598048,0.00155344618098113,0.00157129772096842,0,0
0.923552071819648,-0.0673186134761628,0.00156755018984107,0.00154972562319409,0,0
0.919772449762065,-0.0948051754473131,0.00155850301090824,0.00157409938563175,0,0
0.897212541137505,-0.094888916990445,0.00158695416712325,0.00157659085421485,0,0
0.904177099341901,-0.0829973938457374,0.00160624129976332,0.00158887062868351,0,0
0.934186237276675,-0.0918940468797241,0.00155946018173988,0.00160316030455746,0,0
0.911760737083038,-0.072791246272442,0.00159435013882078,0.00157266258102679,0,0
0.881072988706665,-0.0799249917163601,0.00163617595639544,0.00157945167988872,0,0
0.895259517376911,-0.103121183151156,0.00160567709207102,0.00160596181442212,0,0
0.904278706881832,-0.0901936494742933,0.00159801617222543,0.00159238077266338,0,0
0.941615781801384,-0.082278227117539,0.00153542289669631,0.0015665848658984,0,0
0.911801371278405,-0.0850286238473754,0.00159242022658977,0.00159068955180142,0,0
0.910447611478061,-0.0759986915716847,0.00158754234488621,0.00156518529977848,0,0
0.926409220951798,-0.0773855594223272,0.00155191185731524,0.00155448276730481,0,0
0.91690691862693,-0.0866042507730063,0.00158810180176564,0.00159263247046332,0,0
0.911145722438248,-0.0829774763466009,0.00158262485596461,0.0015767708223663,0,0
0.884425173310481,-0.0962795579661087,0.00164622720856381,0.00161695477791287,0,0
0.904933593608397,-0.0834806916054433,0.00159964031059069,0.00158100470249877,0,0
0.902863086508732,-0.0936916533166094,0.00158986356193669,0.00158779251620533,0,0
0.904415338881351,-0.126744542809091,0.0015862685986193,0.00162931914053925,0,0
0.90390118341985,-0.0839546653155618,0.00157666720085752,0.001556945166192,0,0
0.899623650968947,-0.11233517812647,0.00158791114863778,0.00160675406222055,0,0
0.945105180559113,-0.0781863638948795,0.00154498022235562,0.0015762259266711,0,0
0.927665647977141,-0.0557241746972544,0.00156546232271944,0.00154500062567549,0,0
0.917813480560838,-0.0995069024253985,0.00156455157923044,0.0015880319529267,0,0
0.877752047357302,-0.107392858428373,0.00160804034172582,0.00158107962303377,0,0
0.901986355683078,-0.0691415026671303,0.00159435864522743,0.0015514183556377,0,0
0.906648055641971,-0.0869312128302994,0.00159488800329224,0.00158264657026778,0,0
0.893404379775473,-0.130480013713479,0.00159594147022181,0.00162718976027365,0,0
0.94846289192557,-0.101179972167343,0.00152352155062636,0.00159606171420285,0,0
0.924611115903789,-0.0920326868213285,0.00158551242246117,0.00160522424527982,0,0
0.897991193872314,-0.0493558985801576,0.00159146496165695,0.00151469772671789,0,0
0.906494181250125,-0.0868878673901145,0.00159554677062174,0.00158558868564932,0,0
0.908804605122248,-0.0754605611627374,0.00159249393564171,0.00156984991158799,0,0
