2.00037144482828,0.999557166311602,0.000944511951784969,0.000942432967648668,1,1
2.00093990629079,0.999750681282045,0.000940635641314459,0.000923751589396234,1,1
1.99860917351798,1.00082688584838,0.000937820973489973,0.000945481400775774,1,1
1.99812954629509,1.00023035975322,0.000936576750411842,0.000939513215973996,0,1
1.99881340889876,0.999320934645564,0.000928281175371413,0.000934111645460631,1,1
1.99931271841398,0.998681662364105,0.000945311686350641,0.000941355677570161,1,1
1.998927131641,1.00110054365773,0.000938330302777955,0.00093735010768551,1,1
2.00055840131189,0.998463934357274,0.000933754710999463,0.000939910332409101,1,1
2.00008311058136,0.999635424695526,0.000942690271590714,0.000941395298869639,1,1
1.99893404786406,0.998656777882566,0.000936718504909708,0.000933349283683657,1,1
1.99901578512315,1.00040090370802,0.00093856446690865,0.0009341620950669,1,1
1.99974007030196,0.999364258233355,0.000936164099821848,0.000928986867595462,1,1
1.99945204244068,1.00007590379038,0.000925911780302983,0.000936347442008991,1,1
2.00061238915696,0.999747627501175,0.000948541077203969,0.000957196023657498,1,1
1.99885599508197,0.998279538547162,0.000939922106594694,0.000948960210616734,1,1
1.99950833579277,1.00022532300465,0.000953291447183205,0.000942740206862486,1,1
1.99963555606197,0.99918375317103,0.000949913281401088,0.000948561284018652,1,1
1.99888212357845,1.00048968170795,0.000937094647266358,0.000929271238168382,1,1
1.99985692084934,0.999435714324085,0.000942866685126813,0.000935277619504607,1,1
1.99880589719667,0.998093895788229,0.000938535041668825,0.000941141595073008,1,0
1.99926925671132,0.998487719797882,0.000945812727187912,0.000935677782208414,1,1
2.00009963724105,0.999015969910105,0.00094543454863516,0.000934069792431337,1,1
1.99829839784453,0.99877182390103,0.000945097477962039,0.000944734425200525,1,1
2.00097931893192,0.999813970789787,0.000924842553683171,0.000937527393485326,1,1
2.00005062355231,1.000173883656,0.000946343336622253,0.000948035526857615,1,1
2.00149456710377,0.999951812979846,0.000939847671865065,0.000949241461109538,1,1
1.99837288929597,1.00176205382916,0.000933099903216885,0.0009468312089341,1,1
1.99920499361255,1.00014294130658,0.00093268076670438,0.000929571572957061,1,1
2.00034764755607,1.00070813561291,0.000936657271578695,0.000926725271921691,1,1
2.00015280700026,0.999650348380276,0.00092324951587727,0.000940430218672211,1,1
1.99978426001145,0.997813832131166,0.000922191867705633,0.000927325095833971,1,0
2.00071738892558,1.00016338214038,0.00094011280132734,0.000933756455665545,1,1
2.00004688945193,1.00095884498788,0.000943188407734393,0.000940729330622556,1,1
1.99977659064343,0.999694696673062,0.000941513308743504,0.000928238088603952,1,1
1.99980513799074,0.998775852092364,0.00094598476891382,0.000935905727660841,1,1
2.00077138042041,0.99985262395098,0.000936712752741817,0.000934425272235067,1,1
2.00010681409425,0.999911623252764,0.000925058709658362,0.000933301137362869,1,1
1.99815717315811,0.998921690988195,0.000923397389207533,0.000928124442403817,0,1
2.0002773479786,1.00031458675568,0.000935336000346548,0.000931680962546206,1,1
2.0004271669788,1.00133546976243,0.000937898077739604,0.000947723238872895,1,1
2.00064180874493,1.00073312480045,0.000918477568471895,0.000936611373302971,1,1
1.99820480638843,0.998992400551819,0.00094661116079505,0.000944347717349016,1,1
1.99895710916433,0.999711591934149,0.000920449333253456,0.000928415207815448,1,1
1.99904072380006,0.999152799885289,0.000921592874911001,0.000933961027388584,1,1
1.99913418926252,0.999723779442482,0.000938613140479752,0.000938994462136323,1,1
1.99813056497667,1.00073509090258,0.0009448431850222,0.000935665441510942,0,1
1.99796424628092,0.998609819041218,0.000925683462618217,0.000935993426709052,0,1
2.00059293137843,0.996747416425423,0.0009397492883414,0.000946351184055803,1,0
2.00081810800107,0.999902067250722,0.00093131643228368,0.000945641738229454,1,1
1.99944644477486,0.99932098413629,0.000937694237538195,0.000944162338419034,1,1
1.99796354937589,0.998882641766719,0.000941952739408257,0.00094443964187421,0,1
1.99886821441066,0.999546228852453,0.000932302500859951,0.000943546575217176,1,1
1.99886910423428,1.0001686946166,0.000922897964480354,0.00091990121957465,1,1
1.99978529212991,0.999799237892307,0.000940409444688592,0.000939504899844977,1,1
2.00095940818964,0.999359339448811,0.000953305917103903,0.000954469415478051,1,1
1.9984080632575,0.999750728372482,0.000942066668107396,0.000926271800122448,1,1
1.99833775584101,1.00009653825421,0.000943793141595591,0.00093510487812812,1,1
2.00048618706544,0.999249973484141,0.00094253115182321,0.000945352083344311,1,1
1.99966400718097,1.00006787785912,0.000936673503985253,0.000930138153728298,1,1
2.00085568676383,0.999282508427833,0.000935301211830684,0.000927152126969724,1,1
1.99931473168416,0.999080782283789,0.000935719127487837,0.000939497416435984,1,1
1.99876470210722,1.00117687833286,0.000939716654549334,0.000946064351673359,1,1
1.99974652835021,1.00053812317166,0.000949000686372831,0.000945362016085717,1,1
1.99842257331554,1.00051943540257,0.00093511840805896,0.000941493906146604,1,1
2.0000732944951,0.998835534436898,0.000926496566079806,0.000926097858975049,1,1
2.00028049753167,0.999938060632534,0.000936738632071365,0.000930112102580161,1,1
1.99913479871032,1.00097507402155,0.000942925044525406,0.00093963358857343,1,1
1.99979926774735,0.999279636125241,0.000942992082705844,0.00092480722975796,1,1
1.99880422958201,1.00009528509725,0.000932228768999655,0.000934717406640008,1,1
1.99972010728554,0.999690727642686,0.000940177438888677,0.000937564580072725,1,1
1.9999715684508,0.999883855261402,0.000947149357675554,0.000945892341099624,1,1
2.00173611242243,0.999583337962718,0.000936497889769327,0.000937247087672118,1,1
2.00039258060623,0.999886565167327,0.000922236420234837,0.000924111366378586,1,1
1.99982731013428,1.00035551460407,0.000922583149011764,0.000933747340060882,1,1
2.00079720320099,1.0004423194782,0.000935180316360459,0.000920238685505709,1,1
1.999817741038,1.00025879916512,0.000925608796780957,0.00094260945388854,1,1
1.99968478989304,1.00113262324274,0.000940984739755646,0.000945860198887999,1,1
1.99852662103223,1.00116785673442,0.000940274203110877,0.00093438656853981,1,1
2.00010227649012,0.99874547306482,0.000947346374694797,0.000934260687369438,1,1
1.99987795221436,0.999581159256291,0.000936865726445906,0.000939159900183839,1,1
1.99904872881284,0.999202371761301,0.000935648354287936,0.000942674839037358,1,1
1.99986328414474,1.00022512194529,0.000936472541511847,0.000943165560282296,1,1
1.99994761524656,0.998954101761793,0.000941262618875374,0.000943948263978743,1,1
2.00030119187259,0.999472377677943,0.000929803518358801,0.000933247094532043,1,1
1.99934107550337,0.998419104458017,0.000933187257876778,0.000947616162444935,1,1
1.99945815888855,0.99897606037933,0.000932970977297506,0.000935553150980396,1,1
2.00065619117407,1.00048130479132,0.000933008456308753,0.0009265591999461,1,1
1.99985412202397,0.998813213763845,0.000945137472698954,0.000928044498568397,1,1
2.00075573930106,0.999828794947243,0.000927586842009316,0.000924685737489741,1,1
2.00035404595255,1.00021975103833,0.000937313030305767,0.000950248493949727,1,1
1.99913319866799,1.00033039553689,0.000929478875075376,0.000940773667496261,1,1
1.99919472782643,0.998266104418966,0.000929100382177636,0.000927307377445007,1,1
2.00005844106652,0.999921217739384,0.000951773098845208,0.000938675213119995,1,1
2.00062446831605,0.999190636249142,0.000943965060490541,0.000937173475457645,1,1
2.00117916418145,0.999136508030377,0.000936060346361022,0.000944275141688404,1,1
1.99925611171508,0.99914282368996,0.000925932103638342,0.000939089155058547,1,1
1.99907709944672,0.99864725353348,0.000947018108084136,0.000941849887572048,1,1
2.00186951999371,0.999070002338287,0.000942142266143711,0.000941332343662905,0,1
2.00028583272301,0.999708106396807,0.000938454637988285,0.00094244461653618,1,1
1.99983954794194,0.998998728433999,0.000943580350842224,0.000933795621186474,1,1
2.00014521790563,0.999653386381472,0.000939024623414238,0.000931709710880413,1,1
1.99764664041944,0.999864728854667,0.000937804816187838,0.000937295120630951,0,1
2.00068753094824,1.00017604476846,0.000934641226182253,0.000929055974382519,1,1
1.99851086923511,0.997540598184274,0.000927058736024586,0.000929560875258574,1,0
1.99992725732655,1.00037729117858,0.000928430384352425,0.000938605360361353,1,1
2.00084743385075,0.997932290464311,0.0009365466855775,0.000947174515193182,1,0
1.9987643698021,0.999031407079299,0.000940124426376282,0.000928224566317635,1,1
2.00065234333044,0.998772419773607,0.000928315017457111,0.000934713537062838,1,1
1.99974915291547,1.00238831452928,0.000935702156296115,0.000940090368194179,1,0
1.99923335297836,0.998546149503205,0.0009355871418799,0.000935023157869731,1,1
1.99971338378235,0.999679602935173,0.000932216813732732,0.000937014358133018,1,1
1.99952700639893,1.00018624063689,0.000942705291956774,0.000950742528829066,1,1
1.99825721915964,0.999390240559606,0.000931949242061094,0.000936807389721605,1,1
1.99923657470007,1.00073978602526,0.000946834066138532,0.000948751626653663,1,1
1.99961293675863,0.999155142632549,0.000928641391862848,0.000922172067543456,1,1
1.99884093927563,0.998262816415865,0.000936058093673866,0.000945945801158723,1,1
2.00053054882351,1.00054620178012,0.00094183530904828,0.000941513984290142,1,1
1.99942750353439,1.00043201653185,0.000923282974520274,0.000926906232744092,1,1
1.9997202408619,1.00079791823035,0.000948541610200588,0.0009432004959149,1,1
1.99782655842446,1.00021063756138,0.000927092193499154,0.000923391553560133,0,1
2.00034673985006,0.999948775781615,0.000933761368321698,0.000939428213112077,1,1
1.99919524774399,1.00023836848068,0.000939014677195025,0.000931189139363646,1,1
1.99974433190417,0.998919793392947,0.000935702392166975,0.000929305214460948,1,1
1.99889155952006,0.998590920793194,0.000923940026483698,0.000926929158717735,1,1
1.99896500210492,0.999987423947683,0.00093547696864238,0.000922750218175682,1,1
2.00112343615115,0.999132319486719,0.00092942841757887,0.000929178479393965,1,1
1.99913609124934,0.999237198613785,0.000949259370541515,0.000930933234268519,1,1
2.00015158557826,0.999360549829435,0.000940641963284389,0.000936608985935158,1,1
1.99866711089776,0.999560790789769,0.000923959091259009,0.000936302281742007,1,1
2.00130944659724,0.99824553287508,0.000942898688125148,0.000941182287639225,1,1
1.99932730331188,0.998922566094143,0.00092981571970524,0.000925747249186603,1,1
2.0017710810639,0.999479319319684,0.00093204708749618,0.000927918358921843,1,1
1.99956902639241,0.998857240192225,0.000935341363100115,0.000948845292641869,1,1
1.99902060269411,0.99953651904859,0.000931381848853776,0.000935580378956677,1,1
1.99967664405906,0.999378314072125,0.000928398984313759,0.000929553311458495,1,1
2.00000886702659,1.00040339671575,0.000941483509136752,0.000942534482016319,1,1
1.99898498199888,0.999193604184529,0.000941667377832439,0.000940060171031519,1,1
1.99977847900431,0.999411947512024,0.000942988194907035,0.000942199757029936,1,1
2.00128562178734,0.999483367715844,0.00093002368940569,0.000938564591523646,1,1
2.00183708258855,1.00116965948928,0.000940358491944663,0.000931466095955643,1,1
1.99978737168911,0.998199617460577,0.000935570926471508,0.000931759923031132,1,1
1.99967208778415,0.999187230542039,0.000924547270566836,0.000932173328413733,1,1
2.00019896365682,0.99910953869049,0.000936217835292561,0.000946766347905229,1,1
1.99925152506153,0.99976831519649,0.000923741667318564,0.000934883866769652,1,1
1.99979680632534,0.999708704189504,0.000930320600340887,0.000928737614040885,1,1
1.99904285733794,0.999235355829077,0.00094312547512966,0.000947420489441482,1,1
1.99924072813776,0.998266379140623,0.000925532576897455,0.000925420994953824,1,1
2.0016720309001,0.999114489024631,0.000945919579720318,0.000931249689530875,1,1
1.99975841528137,0.998346736305768,0.000929893472333421,0.000928064076978525,1,1
1.99887779522452,1.00035738407613,0.000947903969931641,0.000947132571142444,1,1
1.99960268241356,0.999251570038282,0.000932732729190805,0.000936980634507539,1,1
1.99899766505254,0.999475406321922,0.000932897869265433,0.000931971798849961,1,1
2.00194118677264,0.998922835257302,0.000951769397271913,0.000937170823384199,0,1
1.99919509121472,0.99933535885951,0.000939690349376618,0.000928566546233192,1,1
1.99993479990236,1.00025871809271,0.000942360516643759,0.000932678826033938,1,1
1.99966079242322,0.998659838453006,0.000932924037701305,0.000934104561568521,1,1
1.99867555355675,0.998934241955084,0.000926843169601,0.00093232886063025,1,1
2.00066186769062,1.00126038422216,0.000939762017253412,0.000941611507869938,1,1
1.99852991658682,1.00129669670936,0.000942408589107232,0.000937421490478757,1,1
1.99935043446156,0.999475266676055,0.000940848040699559,0.000942782574165486,1,1
1.99871113935828,0.999993715797621,0.000933450484993141,0.000943434381403224,1,1
1.99848745464216,1.0002955096886,0.000939423305084863,0.000934536974871052,1,1
1.99953891696602,0.998817474721361,0.000926541126138227,0.000932833400573994,1,1
1.99986003550697,1.0001630372418,0.000928900212884712,0.000941625176258606,1,1
1.99993343523192,0.99775707566118,0.000938701040648734,0.000923319177464754,1,0
1.99953798350767,0.999287589523915,0.000942376047337514,0.000930767944383848,1,1
2.00049752572374,0.998111213332694,0.000951349080173518,0.000947394841796794,1,0
2.00010504811864,1.00034951969705,0.000935892415806666,0.000943803146147401,1,1
1.99678288743344,1.00112467370241,0.000947065753552081,0.000936989965996399,0,1
1.99975499860043,0.998938117188907,0.000929743449863659,0.000926133566527466,1,1
1.99794245908907,0.999146301578325,0.000946551934202717,0.000938897309608749,0,1
1.99921570694475,1.00043750106312,0.000938791029881748,0.000944271809274738,1,1
2.00096304052725,1.00023028383523,0.000936792343608411,0.000941704751484177,1,1
2.00069904591138,0.999994362574513,0.000943276123296697,0.00093778038116413,1,1
1.99932042352241,0.998854400077733,0.000927529825128025,0.000925485272018611,1,1
1.99895505257845,0.999812916012044,0.000941602975356179,0.000940672621981645,1,1
2.00008389613015,0.999789758133376,0.000933272969591742,0.000932222841959678,1,1
2.00059968294266,1.00005120617012,0.00093305307152331,0.000938072359974322,1,1
1.99892083962664,1.00134000812746,0.000924962419519899,0.00092315295989417,1,1
1.99763833416502,1.00027227526896,0.000942463516166573,0.000934442963990093,0,1
2.00048646206935,1.00155150178493,0.000937190663242974,0.000942663250521108,1,1
1.99855791120093,1.0004279401412,0.000932887015597928,0.000928164460972063,1,1
2.00035430388013,1.00102791839681,0.000939606543963924,0.000943194588956401,1,1
2.00091912717808,1.00010081263937,0.000951643519106041,0.000940185778111004,1,1
1.99929106129578,0.999768507997547,0.000927142619771124,0.000942448674845817,1,1
2.0003081858081,0.999018128549498,0.00095576467308751,0.000941654646170566,1,1
1.99902811027715,0.998698411101518,0.000945042996430704,0.000937111344784669,1,1
1.99886658381544,0.999265110438557,0.000940172377462648,0.000943404053321854,1,1
2.00085559059257,0.998963323230235,0.000946040923174677,0.000935932348144285,1,1
1.99752134905619,1.00003528238758,0.000933252408331436,0.000940914645983384,0,1
1.99771727363639,0.999490616634256,0.000931485962029117,0.000933800831143054,0,1
1.9995248874962,1.00005618041313,0.00093927037682717,0.000920603420299798,1,1
1.9996324431864,0.999003742629242,0.000938041759625893,0.000932832111887862,1,1
1.99863294656714,1.00102067263003,0.000939636446365528,0.000942928785397141,1,1
1.99986731325108,1.00116663525144,0.000930612971238156,0.000932915306487773,1,1
2.00135349308366,0.998979253860715,0.000930747347227816,0.000942931435431791,1,1
2.00190378929597,0.999863431221246,0.000932067319883823,0.000929780147207568,0,1
2.00034115573099,0.999622092983623,0.000930919233570663,0.000933210633993955,1,1
1.99936284781814,0.999862668831767,0.000938210189410002,0.000944909822236085,1,1
2.00072202387872,1.00046555207116,0.000933215491529534,0.00094251543288808,1,1
1.99915845267777,0.998507743123411,0.000926700141221349,0.000931708180358817,1,1
2.00106858151263,0.997493176481317,0.000937887410764153,0.000934570119912063,1,0
1.99979676463826,0.99746177011181,0.000942224275637405,0.000917057132349072,1,0
2.00031986680538,0.999875012662344,0.000933122529672403,0.000940425758389471,1,1
1.99803739053176,1.0009157164529,0.000925292591209811,0.000926400830209136,0,1
1.99962889208523,0.99942698688252,0.000947752412771957,0.000942355085635152,1,1
1.99973192677785,0.998315440822435,0.000940100502659165,0.000939143083050436,1,1
1.9984281923827,0.999370179206301,0.00092757103659783,0.000931545577975679,1,1
2.00181651389032,0.999543286602421,0.000928627846910477,0.000931010866241085,1,1
1.99943896863745,0.998504070840825,0.000944478517058357,0.000941200552932236,1,1
2.00048944341717,1.00025212694432,0.000931322296436901,0.000922153891080883,1,1
2.00073754358994,0.999760507545847,0.000934743357391711,0.000946545779979812,1,1
1.99915799978797,1.00082688771752,0.000936802262726204,0.000933997492247017,1,1
2.00038646025741,0.999913651577164,0.000938197077960433,0.000936620264209913,1,1
2.00026647667765,0.99986247044155,0.000945479676224303,0.000936558192041494,1,1
2.00014732767467,0.998436482775126,0.000921188360170184,0.000925009455766339,1,1
1.99912604490136,1.00098993820513,0.00093747190481142,0.000939900961939323,1,1
1.99947146420848,0.999292468475689,0.000939091947256184,0.000957432077323582,1,1
1.99953169487627,0.99677651447491,0.000928426412216422,0.000933874248100603,1,0
1.99855996083464,1.00004746787917,0.000938034490440871,0.000928605843772637,1,1
1.99707624188536,1.00110883082295,0.000933566498054659,0.000928916672848072,0,1
2.0005299791439,0.999316025763643,0.000945353902944917,0.000924137254671413,1,1
1.99785702933566,0.998596090920755,0.000933241486192845,0.000939645902347861,0,1
1.99884912354956,1.0003394818623,0.00093526378673865,0.000928874333572501,1,1
1.99869700830416,0.998521818192259,0.000929594533637018,0.000945273472460918,1,1
2.00039804423885,0.998556706349398,0.000918509229572899,0.000930498354908545,1,1
2.00100493952084,0.999191568636495,0.000934708696653948,0.000936705231293771,1,1
1.99940314556651,0.99899485258003,0.000921988634068833,0.000929866098816693,1,1
1.99995088455327,1.00165640340559,0.000925228833188945,0.000927153545591089,1,1
2.00116100608448,0.998818289439658,0.000940840216363523,0.000933515306230041,1,1
1.99997821740646,0.999626414444062,0.000934517970173699,0.00092825136806718,1,1
1.99996887298556,1.00002788191964,0.000939891955534513,0.000928607908776413,1,1
2.00045273896968,0.998625661186434,0.000932825940007183,0.000929011939026105,1,1
1.99989966135091,1.00083481278783,0.000939542695658149,0.000934255420025764,1,1
1.99898679650695,0.998365227807174,0.00094080371795215,0.000944269067625156,1,1
1.99988287289785,0.999624104760668,0.000932635386595844,0.000924569741236928,1,1
1.99916159757783,1.00065387733586,0.000950643983217791,0.000927988219313844,1,1
1.99958398958601,0.999861762302193,0.000924050135547499,0.000940092730894767,1,1
1.9991999554651,0.997599310214335,0.000937075617358643,0.000948595077445826,1,0
1.99908309478878,0.997464765684,0.000929060768518762,0.000929622163822548,1,0
1.99790244303371,0.99898916277743,0.000953039207284068,0.000946492883807995,0,1
2.00011737590343,0.999957986588516,0.000939201303554295,0.000940050678537648,1,1
1.9991759837683,0.997910245809578,0.000919503621668575,0.000935809411316327,1,0
1.99900687055324,1.00064975100191,0.000937316554212113,0.000944954353428952,1,1
2.00148432517346,0.999204899618022,0.000937418185823062,0.000933489131592975,1,1
1.99901694048783,0.999797510973044,0.000937772835189862,0.000926759854789039,1,1
1.99875769188411,0.999391880890652,0.000932746884166347,0.000942200100640754,1,1
1.9991930332411,0.998272784135729,0.000922694322723764,0.000931221765269052,1,1
2.00093029385376,0.999956195843432,0.000928743163066185,0.000924242407219911,1,1
1.99911824756918,1.00217307439299,0.000933613903313486,0.000929729135203282,1,0
1.99997942498835,0.997346839137647,0.000931795162709673,0.000931546314402363,1,0
2.00040627296551,1.00145020117374,0.000924563800732397,0.000923964164351466,1,1
1.99924775136671,1.00040556090291,0.000940131523207076,0.000929015665686163,1,1
1.99933478274944,1.00056932039875,0.00093653826922538,0.000931470625127862,1,1
2.00072787821737,0.999421269111635,0.000928755348796148,0.000939334200110041,1,1
1.99885242693458,1.00052848572903,0.000948933960413866,0.000943030030393244,1,1
2.00084290204602,1.00018173134354,0.000926526191726613,0.00093200424152578,1,1
1.99820349998502,0.99941445922277,0.000931739246325675,0.00095019517530742,1,1
1.99997507954945,1.00158692127403,0.000939990948222007,0.000929153255408248,1,1
2.00087024003614,1.00043895495872,0.000939940369313986,0.000934272280721674,1,1
1.99842448967053,0.999648569103138,0.000940905348750977,0.000945707645182284,1,1
1.99937023959108,1.0007194452737,0.000937408553943728,0.000944414262939463,1,1
1.99802540967297,0.999121387228607,0.000942251524280661,0.000941505733901272,0,1
1.99790157394432,1.00089851088621,0.000935166113005678,0.000932699848696274,0,1
2.00044661114627,0.999260252614318,0.000943015186070081,0.000946229078548359,1,1
1.99823544634599,1.00054854257881,0.000950405466686185,0.000948055053948739,1,1
1.99810354960105,0.998865038069356,0.000931755610928824,0.00092742002276255,0,1
1.99970163330232,1.00101564423336,0.000927767073427955,0.000950710857483506,1,1
2.00128890385115,0.999534334807393,0.00092655457545698,0.000936747806143536,1,1
1.99762543951014,0.997735541227193,0.000930718264419136,0.000936707107244902,0,0
2.00003761996644,0.999471366825094,0.000941292985121274,0.000930889978952177,1,1
2.00116857362679,0.999412861726222,0.000938209021162139,0.000941515422615544,1,1
2.00049952938434,0.998030289802105,0.000940371525554647,0.000940900815771446,1,0
1.99828190899075,0.998917809519815,0.000933053562020209,0.000948300294016345,1,1
1.99912725754283,0.999109949346356,0.000933515291928206,0.000926807764341331,1,1
1.99953056867649,0.999942306802381,0.000937687754759463,0.00094181283968643,1,1
2.00032850072553,0.998887154750506,0.000931727136960143,0.000936027367061477,1,1
1.99865577351142,0.998492864206262,0.000938492188844314,0.000936264986913494,1,1
1.99998781827534,0.998542429758474,0.000933921971492384,0.000928834691217059,1,1
2.00030423081009,0.998128561294738,0.000928968939311624,0.00093850614477048,1,0
1.99891928498587,0.999254556993255,0.000938257196802193,0.000936321911039609,1,1
1.99875405504988,0.99999801234137,0.000927222841440802,0.000939287491186618,1,1
1.99816606068431,1.00015256666204,0.00093855999758522,0.000939644488368513,1,1
2.00149041002937,0.999645826428583,0.000945817266068796,0.000945530096450685,1,1
1.99949353391396,0.999113662649808,0.000936331164234843,0.000938442043814957,1,1
1.99901817561175,1.00024075915651,0.000935819944450402,0.000946487015386229,1,1
1.99991881423376,0.999388204858153,0.000941594606698908,0.000936858880442421,1,1
1.99850808103992,0.999995209534342,0.000938572094428493,0.000937334752732853,1,1
2.00116885798485,0.997706143764257,0.000920263423227029,0.000925341223692897,1,0
1.99926270931846,1.00014999253855,0.000966315255915331,0.000949000055431121,1,1
2.00008800863264,1.00015938548305,0.000947752233808742,0.000933322208931599,1,1
1.99896247199484,1.00025314918906,0.000937890645938406,0.000931783781484069,1,1
1.99873291014959,1.00156175926561,0.000942661015407954,0.000942830102632097,1,1
2.00021259467417,0.999919931575746,0.00093237935474751,0.00093192926134432,1,1
1.99987977489168,1.00102197121698,0.000928608156546906,0.000930565870129415,1,1
1.99985619227796,0.998010784369263,0.000938071925477274,0.000950831860713053,1,0
2.00039012090509,1.00161675006182,0.000946207779082128,0.000942237014671543,1,1
2.00042225597912,0.998817714627437,0.000936604153928118,0.000936209078812787,1,1
1.99912538705564,0.998335186102472,0.0009302952169009,0.000940769093660827,1,1
1.99787027022012,0.999683718172413,0.000929932687253779,0.000927980194129507,0,1
1.9999311028163,0.998867535938813,0.000944478707536127,0.000940472608429101,1,1
1.9999118732673,0.998439364554876,0.000938290502326052,0.000939879800832616,1,1
1.99975182628812,0.999133178049569,0.000937383883434025,0.000943153690465008,1,1
2.00005736473154,0.999003700951955,0.000940696725753467,0.000937530835541888,1,1
2.00006442178536,1.00006555660704,0.000937037638489078,0.000936835646611526,1,1
2.00016451880987,1.00110241236067,0.000917840809771013,0.000922916768529021,1,1
1.99797291565096,0.999472394391698,0.000938244426643433,0.000945120647637967,0,1
2.00014896778667,0.999794350148719,0.000945510363747444,0.000939593292522164,1,1
1.9982884558702,0.999691247471116,0.000938418331759409,0.000940883597715967,1,1
1.9993347997689,0.997742485203525,0.000942421880672464,0.000933479993416615,1,0
1.99825404142902,0.999106665680199,0.000926533257725491,0.000931288649790904,1,1
1.99972637576111,1.00077004590346,0.00094329654691091,0.000935717486244968,1,1
2.00074422478496,0.99855299406939,0.000934071451162018,0.000935704380401976,1,1
1.99981525657083,1.00061453820528,0.000937213908685175,0.000936586718767296,1,1
1.99908778597627,0.999176653967375,0.00092778643948785,0.000917416349842973,1,1
1.99991686277689,1.00050623645936,0.000936514269167655,0.000931766419300075,1,1
1.99805835994832,1.00109731943712,0.000939781932528551,0.000931597329207817,0,1
1.99870483840929,1.00097813930488,0.000938967601532485,0.000950212709792411,1,1
2.00104918042038,1.00067996857671,0.000924320606157939,0.000930397908108282,1,1
1.99924003550225,0.9990075538582,0.000930784410888937,0.000943434287288025,1,1
1.99966964717388,1.00024097937563,0.000945836837425738,0.000938892334067584,1,1
1.99936528901601,0.999635502651647,0.00093054726541302,0.000941028809565984,1,1
2.00074717612318,1.00039728894719,0.000938521668314011,0.000936861356289687,1,1
1.99934543582132,0.999991511834576,0.000936576142682324,0.000926426356926797,1,1
1.99857238969458,0.997993092246853,0.000930704484205728,0.000939655255219822,1,0
1.99858323375472,1.000250215614,0.000928363289734875,0.000933915516010262,1,1
2.00096573944265,0.999214498384756,0.000948610566049297,0.000936548502240708,1,1
1.99866052870256,1.00095766528914,0.000941736538490995,0.000938536348662884,1,1
1.99938442423389,0.997857488690284,0.000940755869772521,0.000937809899480209,1,0
1.99981255112264,0.998670931554504,0.000932813745405132,0.000941092564294282,1,1
1.99938854305238,0.999169738379456,0.000940827163333596,0.000942943211002054,1,1
1.99889038630316,1.00041047085883,0.000940152607945767,0.000936075044724984,1,1
1.99936941962724,0.999491077990617,0.00093689714891782,0.000939601673960774,1,1
1.99792672487083,0.999389158319018,0.000917519219894274,0.000926868642557699,0,1
1.99920514896764,0.999254578154338,0.000934486252766063,0.000938367897512323,1,1
2.00057406361917,1.00055433198158,0.000930877376276523,0.000920496491641848,1,1
2.00054679663061,1.0013260338616,0.000930685903604214,0.000915619564362726,1,1
2.00094214204934,1.00043372241039,0.000927049390853997,0.000927679946729523,1,1
2.00029532650915,0.999310694026172,0.000934416502158221,0.000931578313400835,1,1
1.99857953579867,1.0011872329336,0.000928100255167901,0.000943156264671546,1,1
1.9998123352435,1.00008069593599,0.000947503330727267,0.000932965708414077,1,1
1.99941714612867,1.00026036765944,0.000942590198132939,0.000940676318556875,1,1
1.99866721479323,0.999641594300384,0.00092871496529431,0.00094317893092129,1,1
2.0002329173404,0.999321997485776,0.000937806186576463,0.000933748269479433,1,1
2.00028015861494,0.99806011655461,0.000916307954558447,0.00092227869115874,1,0
1.99899281867304,0.999661237084695,0.000923382020601489,0.000930771969903552,1,1
1.99995247467812,0.999945052160063,0.000951962800442307,0.000947637667654197,1,1
1.99988778514716,1.00014410571301,0.000931827568068969,0.000927397313248662,1,1
2.00073707508383,0.998237225555776,0.000947775678400264,0.000941377395358475,1,1
1.99905992625921,0.999271566624556,0.000937293203148472,0.000934577886544688,1,1
2.00046471918391,1.00123476683106,0.000935329245596946,0.000939042489299506,1,1
1.99907475579573,1.00034625582991,0.000932631421070532,0.000928542420971504,1,1
1.99819527713073,1.00113249512304,0.000940484211576934,0.000941527313106953,1,1
1.99814421483142,0.998739068116671,0.000938125274984254,0.000937377316507539,0,1
1.9995628948421,0.999017949348458,0.000933967642051568,0.000932995836892127,1,1
2.00081180789111,1.00095367383935,0.000931581439923242,0.000932117903618975,1,1
2.00125274487438,0.999754920865774,0.000938326211433418,0.000941269938492298,1,1
1.99970359753887,0.998555198807569,0.000932547154365307,0.000940224091273698,1,1
1.99937820238753,0.999920799249036,0.000936411531692407,0.00094113056298002,1,1
1.99915384268289,1.00044117060947,0.000935832359121178,0.000944243953504795,1,1
1.99930209725424,1.00002323698055,0.000936755251139321,0.000936841236160388,1,1
1.99726701777488,0.998111385572693,0.000933840589168045,0.000939134217144727,0,0
1.99950303282884,1.00070389050573,0.00092705604445782,0.000930900688054164,1,1
2.00158595628135,1.0013758817904,0.000939962717802869,0.000940055491009253,1,1
1.99958207499634,0.99869936785009,0.000925259777384435,0.000919643306315581,1,1
1.99958614194063,1.00169028130679,0.000924224786734405,0.000939302120360524,1,1
1.99923370501268,0.999598222424213,0.000922678675252367,0.000947389659262832,1,1
2.00027429797059,1.00020030829067,0.000934386691860958,0.000946312913253333,1,1
1.999313450727,0.999900583902857,0.000935359801969486,0.000939907905975351,1,1
2.00018694488565,1.00084408839621,0.000930797395112419,0.000938770914491384,1,1
2.0005957033507,1.00083356465427,0.000933802766024207,0.000934694644673699,1,1
2.00085356389508,1.00050567757102,0.000940837310963139,0.000927277118029557,1,1
1.99927039281171,0.999599949963993,0.000931505124481849,0.000934952931872021,1,1
1.99935082790644,1.00035739099658,0.000918922372656504,0.00091775379698762,1,1
1.99827104523227,0.997980047617095,0.00092977644775562,0.000929273144010433,1,0
2.00058002438093,0.997564295517404,0.000940108539479436,0.000942598853540626,1,0
1.99935629767728,1.00119874784968,0.000949181202275338,0.000936936128749845,1,1
2.00061146276694,0.999429316625284,0.000920529184131949,0.000923363889714615,1,1
1.99855383315107,0.999564049033668,0.00092551804684095,0.000930170157010251,1,1
1.99896579537729,0.999679328759877,0.000944067293543516,0.000931230750248347,1,1
2.00017203750238,0.999023995753006,0.000936221418358349,0.000945512444429014,1,1
1.99937847143962,1.00017329979631,0.000926970852750764,0.000923630483207979,1,1
1.99914955095248,1.00182079632349,0.000944713989480302,0.00094214047750302,1,1
1.9998708042354,0.999943516749097,0.000940031989717548,0.00092784986464702,1,1
1.99980329966037,1.00014164134862,0.000948021456370165,0.000944619303032112,1,1
2.0000024073821,0.999044243841497,0.000936719661025064,0.00093162780110612,1,1
2.00031907949776,0.998545452601624,0.000940048716395501,0.000932441912284766,1,1
2.00007723264215,0.997464000621873,0.000940734127120716,0.00093640923921535,1,0
2.000810919074,0.999170123674166,0.000940072224036904,0.000936739382278925,1,1
2.0023569198712,1.00014620469602,0.000934030146800429,0.000933182978402519,0,1
2.00119295875195,0.999939400415376,0.000945877562465902,0.000933896031080001,1,1
1.99978854806205,0.998369788976723,0.000924598151773225,0.000925420857548859,1,1
1.99983636534226,1.00003401073665,0.00092444929340125,0.00094101288431225,1,1
1.99937318759216,0.999408293329482,0.000943350664945466,0.00093660783906769,1,1
2.00026905677745,0.999199231531471,0.000929465046320036,0.000941576088261003,1,1
1.99757841061731,1.00054043314567,0.000942574099538129,0.000939755894426265,0,1
1.99915521611072,1.000243797895,0.000936163346390467,0.000951055934474197,1,1
1.99950600088927,0.998701796676554,0.000921752664515978,0.000923700707670168,1,1
2.00005688513689,0.999011669640742,0.000929552868701876,0.000932879890590345,1,1
2.00028124331034,1.00026644013898,0.000927713499240538,0.000937075722635185,1,1
1.99999734386167,1.00094699239596,0.000953610465420304,0.000943796069052164,1,1
1.99975714670852,1.00033488922419,0.000940068279442532,0.000939945218463889,1,1
1.99941765165543,0.997692308211616,0.000935560629300742,0.000938886951875548,1,0
1.99912415232852,1.00138575314315,0.000934516334662125,0.000943891458450343,1,1
2.00127057949072,0.998019761525886,0.000935234268763745,0.00094096098585497,1,0
1.99989168080666,1.00041067971712,0.000936561467776111,0.000946201716696353,1,1
2.00065756957972,1.00005268133606,0.000915677468351337,0.000928036260807909,1,1
1.99872785229957,0.998563002256938,0.00093550428610304,0.000923734212407112,1,1
1.99971489153529,0.998227021777226,0.000933976049276521,0.000943311573980772,1,1
1.99991656464197,0.998990776611744,0.000931031379533129,0.000934795370195915,1,1
1.99677678547578,0.9989323837193,0.000931211625862763,0.00094118339297375,0,1
1.99892799062951,0.998852152488129,0.000937822468388692,0.000939114907874956,1,1
1.9990249662795,0.999203970637586,0.000926928485458982,0.000941082523679633,1,1
1.99972429806148,0.99980720934912,0.000934527177806712,0.00094572964327794,1,1
1.99851553082797,1.00057960660072,0.000950135465359685,0.000939605025161749,1,1
1.99808587544261,0.999282789084606,0.000927718262601501,0.000929967166766086,0,1
1.99970884866046,0.999863001464674,0.000946342836099729,0.000949440451581279,1,1
1.99937245902491,0.998188743479546,0.000934984046648562,0.000944512186946739,1,1
1.99827731384011,0.997997188559127,0.000934635198202394,0.000946124443222353,1,0
1.99944786810104,0.999213381539291,0.000935824950435761,0.000931753150226186,1,1
2.00012746268704,0.998627082236127,0.00093939870770572,0.00091664294341007,1,1
2.0006723067784,0.999836457335309,0.000935907811037643,0.000937051357123152,1,1
1.99940491514171,0.997727618455348,0.000938191160259372,0.000926231701674536,1,0
2.0005582993362,1.00032037120823,0.000940796050223147,0.000938653764418912,1,1
1.99856044531845,1.00003912194344,0.000938594620655687,0.000935621186366591,1,1
2.00076916428182,1.0004292553178,0.000937457160147861,0.000939871685312251,1,1
1.99939696312816,0.999014131637917,0.000937765823100808,0.000938936000550342,1,1
1.99794868438882,0.999779931599702,0.000929311039865156,0.000924575745449478,0,1
1.99985293289659,0.999899745379101,0.000929466135357707,0.0009444565613613,1,1
1.99935986105794,0.999368626896301,0.000930091568888058,0.00092849728283227,1,1
2.00054828339478,0.99791316450433,0.000925890403605136,0.000925623786984941,1,0
2.00035212546937,1.00106877720564,0.000936174369795914,0.000937142830752179,1,1
2.00050442221478,0.998299829248479,0.000933477150897878,0.000928423463684747,1,1
1.99942598362762,1.00088240837284,0.000938456930816949,0.000939889240083358,1,1
1.9981369100833,1.00010399644691,0.000940941371552897,0.000938146368148972,0,1
2.00016035930925,0.999501789907343,0.000963774622912743,0.000957826064234387,1,1
2.00032079628994,0.999169629238657,0.000938603326650849,0.000945316545862213,1,1
1.99914882630451,1.00135319506053,0.000946809118321438,0.000933274507647363,1,1
2.00066219275404,0.999167438796417,0.000933007334239349,0.000935403899512171,1,1
1.99944544153073,0.998379031486259,0.000925714583107392,0.000945201540741491,1,1
2.00012623416661,0.999925451791027,0.000943626561334252,0.000946175382083374,1,1
1.99797161805243,0.999870457252874,0.000941003044522429,0.000947794588572156,0,1
2.0008913267706,0.998523401281718,0.000932889371056996,0.000936374188170989,1,1
2.00071565175805,0.999837860990813,0.000947547239233216,0.000943924962067532,1,1
1.99965042750211,0.997825530528961,0.000939923291624024,0.000935498990730706,1,0
1.99903215413374,1.00002016435737,0.000927091661030145,0.000934935319441156,1,1
1.99946458053152,0.999166910657539,0.000933305114462457,0.00093762022123233,1,1
1.99962866354239,0.998385089025137,0.000945668833341336,0.000940256880236009,1,1
1.99893508904616,0.998274699963717,0.000934436560600514,0.000949156381724596,1,1
1.99875495350509,1.00019968576547,0.00092628873735019,0.000922522741137846,1,1
1.99895968378398,1.00162762297728,0.000935439835618132,0.000937488027242634,1,1
1.99923863856483,0.999787867770238,0.000924928799289555,0.000920865522005967,1,1
1.99930164981858,1.0000939940781,0.000939228417103298,0.000934057938510491,1,1
1.99989585433504,0.99917364562458,0.000919411473612763,0.000925379764537803,1,1
2.00100404799526,0.998317094947591,0.000945065114961226,0.000950300917746818,1,1
1.99782958153398,0.999300647635456,0.000937590032460454,0.000941088177843104,0,1
1.9981187821233,1.00023261110428,0.00094528934784588,0.0009388396304919,0,1
2.00028122594457,0.9998398531551,0.000924862895614755,0.000930722931289698,1,1
1.99923431570508,0.999748421913459,0.000936880496305873,0.000935422711642481,1,1
2.00002389673568,0.998981097073702,0.000934357790995683,0.00093352127124534,1,1
1.99962060922476,0.999867236000848,0.000928176150867755,0.00091951702362941,1,1
1.99885321991577,1.00056831237687,0.000935952686509666,0.000931671827135916,1,1
1.9999981911665,0.998896685204777,0.000923935222967469,0.000935099736180545,1,1
2.00053664164596,1.00074555466637,0.000949339488939088,0.000949189404855009,1,1
2.00173828357437,1.00053311082368,0.00094239742942077,0.000929757134783362,1,1
2.00011550721643,0.99822856377496,0.000937607412142727,0.000931187801237226,1,1
1.99855413408814,0.998790862012273,0.000935713791147627,0.000936488004694877,1,1
2.00032955658704,1.00134412430497,0.000939790946167704,0.000935914788671555,1,1
1.99847601681193,0.998151802443204,0.000930388523357527,0.000930729045253166,1,0
2.00042850412556,1.00096160412405,0.000938549111387443,0.000942031414114239,1,1
2.00063822253703,0.999495011832838,0.000928398711209812,0.000934210297006213,1,1
1.99973297787001,1.0005149797397,0.000940513368550533,0.000937399945560623,1,1
2.00106656191293,0.999058064297531,0.00093170700975515,0.000930408495172486,1,1
1.99722207656806,1.00189851974588,0.000945640097671525,0.000944502712617449,0,0
1.99946316160119,0.999867582266592,0.000937678815616514,0.000935527503970951,1,1
1.99856184041816,1.0000714419081,0.000931435598217415,0.000940539257885264,1,1
1.99883417480477,1.0002062425549,0.000928298256732155,0.000930976232840471,1,1
1.99891458597964,0.998880770403236,0.000942703076655313,0.000950822225366434,1,1
2.00031922613735,1.00001238673158,0.000937581606445734,0.000938805217943776,1,1
1.99987813305213,0.999373917558177,0.000939326721077546,0.000953001265050741,1,1
1.99929898830828,1.00100526483442,0.000931115785987828,0.000933968793373851,1,1
2.00006440818415,1.00083234602909,0.000934600857062715,0.000930801850284802,1,1
1.9995558167717,1.00147742984268,0.000922819356674478,0.000931770105632478,1,1
1.99805374848298,1.00016432531945,0.000933934498996614,0.000936686244774489,0,1
2.00184290207098,0.998821201810014,0.000936140081494198,0.000931985667406387,0,1
1.99974391199355,0.998782747726112,0.000940538183706006,0.000935441775964095,1,1
1.99890870957527,0.999177054190597,0.000932353920490868,0.000941406701528961,1,1
2.00024652630979,1.00036924492651,0.000921363860838843,0.00092566775147917,1,1
2.00151162710665,0.996808870840324,0.000933841932017734,0.000931452588498539,1,0
1.9986174690126,0.999489751444107,0.000932536500036327,0.00094022892074284,1,1
1.99981686838658,0.99763960585357,0.000937451674325227,0.000938352413258474,1,0
1.99970611009246,0.999607926266347,0.000934407944476843,0.000940054908345846,1,1
1.99870434186947,0.999975473755866,0.000930609075941582,0.000936547323032304,1,1
2.00093229100093,0.999362858592889,0.000927320260986165,0.000932377720525257,1,1
1.99936909059055,0.99834979753411,0.000943047441938517,0.000940466244666981,1,1
1.99933793073844,0.999705131907935,0.000927250627687932,0.000926430377425017,1,1
2.00155759720069,0.999146538265869,0.000942932578379218,0.000938146754575042,1,1
2.00130572966074,0.997460550444766,0.000942340296943242,0.000947722700284408,1,0
1.9988108682394,0.998860811433076,0.000933570902798046,0.000925814551788564,1,1
1.9995587285638,0.998401872858473,0.000933609001726338,0.000935415663770014,1,1
2.00083073964949,1.00163366625173,0.000932983409417095,0.000936644094391658,1,1
2.00030548718179,1.00089270653575,0.000933715171609617,0.000928698453891137,1,1
1.99948949547723,0.999893022971112,0.000947192719876099,0.000922275318026745,1,1
1.99955015365217,0.999842088538922,0.000947235248981425,0.000947997042316348,1,1
2.00019235369359,0.999169294953027,0.00094641643184694,0.000940348701809671,1,1
1.99920027462941,1.00005420211008,0.000936937380086618,0.00096010356636352,1,1
1.99865851115424,0.998413953074609,0.00093319379431612,0.000945598448013936,1,1
1.99972134220188,1.00012049932082,0.000941520419785363,0.000940422230325942,1,1
1.99825630084323,0.99963166766975,0.000935191020390301,0.000935312150379705,1,1
1.99972258620551,1.00005953271723,0.000940934274198636,0.000932470455644826,1,1
2.00024632845419,1.00000319992803,0.000935748857905302,0.000931751578923179,1,1
1.99878928831268,1.00026557860022,0.000926244062993028,0.00093482781277634,1,1
1.99911826700794,0.99927414605867,0.000928003568623318,0.00093194285013981,1,1
2.00026640494804,0.998957088920711,0.00093949322398508,0.000935114857758883,1,1
1.99901519107721,0.998856555073905,0.000921458483869593,0.000921839535583694,1,1
1.99965549596617,0.999507852026884,0.000940315708250868,0.000932593536961224,1,1
1.99911890626264,0.999746146502521,0.000935148552474491,0.00092456711578029,1,1
1.99942188324411,1.00030765375672,0.000933522037141516,0.000927637294665006,1,1
1.99961673462979,0.999234293794049,0.00092454934362505,0.000924107913047914,1,1
2.00084081573443,1.00025617348921,0.000932553787064959,0.000939323709667157,1,1
1.99947705313393,0.999659310298339,0.000936861995485414,0.000945186330487356,1,1
1.99778456638184,0.998004685443989,0.000944970476713028,0.000943782597365088,0,0
1.99937963789351,0.998915188154815,0.000931796253643631,0.000929428462911666,1,1
2.00039756286235,0.999591520805306,0.000944818520706221,0.000951860953209888,1,1
1.99888367381494,0.998636293205245,0.000928992258865743,0.000946013405897292,1,1
1.99949905221388,0.998447872987315,0.000954788431932272,0.000941355658817429,1,1
1.99940792273597,0.999737145860762,0.000943595066261911,0.000936860784921335,1,1
1.99913284828002,0.998627997436643,0.000946693927679627,0.000949874393908945,1,1
1.99976942212018,0.999659045045743,0.00094231073580698,0.000926805099085296,1,1
1.9985170384317,1.00051959960552,0.000932743266927869,0.000934393100746994,1,1
2.00156861587171,0.998608468913322,0.000926534684938496,0.000933393525801691,1,1
2.00063363686444,0.999679323905394,0.000940593350236338,0.000929518317277553,1,1
2.00051246665375,0.999960333688192,0.00093415336825663,0.000925903775206007,1,1
1.99808685058504,0.999420518821777,0.000951149124929855,0.00095157438366653,0,1
1.99984125281668,1.00043371629999,0.000928901464049024,0.000927861309571848,1,1
1.99832907941545,1.00046059368545,0.000949209212300327,0.000938910257223569,1,1
1.99947641189242,0.999971741662717,0.000927306216516141,0.000929062456162614,1,1
1.99973790699247,1.00082528658242,0.000934528510042916,0.00092677201794439,1,1
2.00234649230711,0.999374076175208,0.000948938683679896,0.000948575725918949,0,1
1.99907165327423,1.0001248915748,0.000930780140226962,0.000929990460025073,1,1
2.00094658909041,0.999668667946409,0.000938072345773122,0.000926024451757291,1,1
1.99840735584347,0.998486059561917,0.000941321925332881,0.00094101200276998,1,1
1.99898730126635,1.0000267106354,0.000929351008456945,0.000922653694594538,1,1
2.00160675508694,1.00139886012842,0.000938589541942567,0.0009436482470421,1,1
1.99940818532772,0.998976539675505,0.000938569809113124,0.000938595544978154,1,1
2.00059212707854,1.0005662983592,0.000947863839789635,0.00093942547031017,1,1
1.99981376106063,0.998296721281103,0.000944786150577364,0.000939959856737681,1,1
1.99805407053837,0.999694375956043,0.000932187476240162,0.000930700882196192,0,1
1.99891433608611,0.999996337708687,0.000939143820237201,0.000945925949239147,1,1
1.99772226276387,0.999336394438444,0.000942983734333931,0.000942665653225025,0,1
1.99921128068961,0.998406061606745,0.000931801002227381,0.000929600843596595,1,1
1.99909202474706,1.00103972967545,0.000938635815152467,0.00094508721865389,1,1
2.00086819711648,0.998745896783794,0.00092675499011764,0.000934183706680048,1,1
1.99985014877612,1.00004914019223,0.000943771242779675,0.000936540328710939,1,1
2.00034757301904,1.00007092797307,0.000932064774278921,0.000931105485339229,1,1
1.99858546488142,0.998601826517538,0.000926855438527245,0.000931232656076198,1,1
2.00022349776968,0.998755291780913,0.000934239280635199,0.000935227298320151,1,1
2.00098653473164,0.99990465063328,0.000925877414023746,0.000935281587150647,1,1
2.00020433743064,0.999566466406914,0.000944398918590433,0.000938297363332075,1,1
1.9994947861386,0.998403267889533,0.000937792508945245,0.000945356697512875,1,1
2.00192708020865,0.999259619973741,0.000941145332257456,0.000931316443482717,0,1
1.99859286722343,1.0005067977285,0.000944003835627119,0.000939260861487886,1,1
1.99973559750132,1.0005442389151,0.000939973326434191,0.000931370301368724,1,1
1.99913116929295,0.997720919194017,0.000943825776410983,0.000928756602717999,1,0
1.99994030882711,0.998958774260602,0.000938665848594289,0.000944514090492738,1,1
1.99917985382814,1.00004096492291,0.000924109498969747,0.000924368885218576,1,1
2.00002098448808,0.997980614016419,0.000928729360827554,0.000930295779692517,1,0
1.99951287058438,0.998711265963943,0.00092809438691176,0.000923484762564179,1,1
1.99939162094724,1.00188342261434,0.000950142049108198,0.000950982810742056,1,0
2.00061511885949,0.999423774672845,0.000945597919246261,0.000942233804508551,1,1
1.99911756617138,1.0004590407147,0.000927592601689777,0.000944008741110529,1,1
1.99919979296004,1.00013057630417,0.000937587990591189,0.000941449505387565,1,1
1.99846049451476,0.999755158507547,0.000932112159220241,0.000937479732720018,1,1
2.00150825405668,0.999088044940498,0.000939999383065345,0.000943579124638288,1,1
1.99979184112666,0.999244221923053,0.000940223247743786,0.000943294716063492,1,1
1.99920431384299,0.999645257589071,0.000928169104137302,0.000940683908393621,1,1
2.00119674807831,0.997998510701982,0.000934487319517796,0.000942502038380211,1,0
1.99909924252163,0.998950761758193,0.000944445619970601,0.000944492641698782,1,1
1.99966369726061,1.00028477736443,0.000928803038567577,0.000928731816495902,1,1
1.99974078534231,0.999564912501618,0.000953294869004124,0.000940970799522593,1,1
1.99846811432092,1.00061415428626,0.000940317843143567,0.000937477673391075,1,1
2.00037118507753,1.00058483897589,0.000936191381179293,0.000942597473873646,1,1
1.99843059180927,1.00216444293238,0.000925946829754856,0.00092432264572615,1,0
2.00051871536392,0.998772652671336,0.000950054150215541,0.000943104629216049,1,1
1.99957311706827,1.00078218251256,0.000933085162300561,0.000936619684787605,1,1
1.99894804624845,1.00050312886146,0.000942409677597188,0.000934652375842745,1,1
1.99914035713746,1.00135752866847,0.000936080179241111,0.000939164971391173,1,1
1.99955988565184,0.998854080451532,0.000931559999852309,0.000928057215901267,1,1
1.99945190173365,0.999384836558749,0.000934999477731029,0.000937620458162827,1,1
1.99994366807692,0.999492601858529,0.000934199112875123,0.00092790963958072,1,1
1.99909466523184,1.00119919204826,0.000937519673335512,0.000943288459182795,1,1
2.00073307745833,1.00165942956453,0.000944021022351978,0.00094023248160928,1,1
2.00147963346425,0.999785692506775,0.000935766839727838,0.000922868199543393,1,1
2.00146696482117,0.999446388997465,0.000938761503544484,0.000943128378503797,1,1
2.00144414663851,1.00032250825499,0.000933433100989661,0.000946480407733013,1,1
1.99709144260376,1.00132937858751,0.00094972767836494,0.000935595490270226,0,1
1.99925104062145,0.998666087689121,0.000942749235966632,0.000946367182071351,1,1
1.99947607929002,0.999913698383516,0.000933347112813604,0.00094322422918986,1,1
2.00070295564388,0.99975128516879,0.00092471157336693,0.00091732477265571,1,1
1.99999319663476,1.00037586379979,0.000933586127280463,0.000942616829131587,1,1
1.99980222937057,0.997103268231277,0.000934500728998508,0.000931928672579668,1,0
1.99859445355393,1.00002538110291,0.000941559641922716,0.000946666323298709,1,1
2.00108730212288,0.999454600411163,0.00093867585789857,0.000923999670396233,1,1
1.99874785846127,0.999384899542663,0.000940027004852263,0.000934604857922955,1,1
1.99764350199986,1.00003943315962,0.000937888786259538,0.000938592507731544,0,1
2.00111787905878,0.997981477602774,0.000939445597208689,0.000930476902436312,1,0
1.99962274976958,1.00040259352257,0.000934046766431092,0.000942179452616188,1,1
1.99923166457662,0.998649698848645,0.000925259809612407,0.000928201303677944,1,1
1.99922122954396,0.999082308684844,0.00093110188804104,0.000934821813249885,1,1
1.99878946802285,0.999234509080942,0.000933820724977137,0.000940479054310454,1,1
2.00011849543712,0.998278436318766,0.00092518852487143,0.000933525100703924,1,1
1.99850269564345,0.998588668438851,0.000920562786877005,0.000930521861924824,1,1
1.99975988655179,0.998360560592585,0.00093013766764049,0.000939448742579921,1,1
1.99983071868971,1.0000264776109,0.000932408720244169,0.000930286635373855,1,1
2.0009879229328,0.999885329671562,0.000941479364296792,0.000950449353156711,1,1
1.99983029190962,0.998545207559016,0.000943809682887906,0.000945546007099055,1,1
1.99936981108851,0.999555201754919,0.000940187295295181,0.000940249417815093,1,1
2.00005463091299,1.00058739141393,0.00093533605102947,0.00093431184490318,1,1
1.99852916990754,1.00088051711062,0.000936862259635443,0.00094353237343878,1,1
1.9983897577894,0.997840061589597,0.000929068742927914,0.00092605237392608,1,0
1.99879676572572,0.99968394470829,0.000921767880169088,0.000930266458189443,1,1
1.99966898281857,0.999073563531761,0.000935113319811193,0.000932889443196058,1,1
2.00067641557025,1.00033156926435,0.000941579123295129,0.000936636266531084,1,1
1.99971323590468,0.998765946952238,0.000927767070023903,0.000935376307042416,1,1
2.0003528041135,1.00011447504099,0.000934252304410137,0.000936735119461926,1,1
2.00003303605012,0.999161312806273,0.000928226160950857,0.000931719545725523,1,1
2.00000759878249,0.999515084508273,0.000939279741990291,0.000949104034666049,1,1
2.00058975135987,0.999166986409731,0.000943311280380368,0.000938828279806519,1,1
2.00067241941196,0.999036492816573,0.000922119800818959,0.000933209263311084,1,1
2.00055323790378,0.998652112566002,0.000943251286901777,0.00094915158158111,1,1
2.00015770374817,1.00003055739496,0.00093389663361413,0.000935182182800799,1,1
2.00008029483337,0.999111319011917,0.000935557813424739,0.000940961275180785,1,1
2.00084738428109,0.998715800950714,0.000946087339131394,0.000936303473774109,1,1
2.00134691740354,1.0003762324045,0.000919540704930141,0.000927008471671375,1,1
1.99923114531193,1.00018305596436,0.000948214859387699,0.000946490861640251,1,1
2.00128783115969,0.999811637030769,0.000940825295179422,0.00094911286355722,1,1
1.99877326355291,0.999296885851376,0.000951302322044684,0.000949719848287862,1,1
1.99910168940609,1.00192465820423,0.000942517614160942,0.000933397534510279,1,0
2.00027277710212,0.999353984552034,0.000949282952322072,0.000943810939162858,1,1
1.99953589683018,0.999923665940508,0.000949457261528069,0.000942031201115035,1,1
1.99987866601619,0.999010418790647,0.000940573861116148,0.000929074587408097,1,1
2.00053680651151,1.00105722229276,0.000936919034242911,0.000940761365376081,1,1
1.99795615397413,1.00043907954613,0.000933351093331231,0.000934708384882886,0,1
1.99985613356858,1.00040459816966,0.000945261449332956,0.000939603517998956,1,1
2.0001138266707,0.999182659046148,0.000932540834092763,0.00093013124097364,1,1
1.99971925158514,0.999685833430921,0.000939310996448354,0.000930758119353847,1,1
2.00079415475064,1.00027475160217,0.000944334672770583,0.000940648317721645,1,1
2.00014350492074,0.998903368154513,0.000929890620839104,0.000928115225236014,1,1
1.99785693566259,1.00068466521957,0.00093129686194722,0.000944500986455113,0,1
1.99956761225187,0.999330653251315,0.000943213667570656,0.00094941878222917,1,1
1.99908602211009,0.999122835807332,0.000932517405200045,0.000938491857734758,1,1
1.99840139141461,1.00003335630025,0.00093646996683424,0.000930046445373207,1,1
1.99969490346863,1.00007339518752,0.000947810617624014,0.000938139437502973,1,1
1.99867405680822,1.00026706656735,0.000943118687816493,0.000935224413754812,1,1
2.00010578779441,1.00020027558753,0.000930192967709864,0.00094048352847546,1,1
1.9988368481555,0.998809308885245,0.000937163505640033,0.000936769530272945,1,1
1.99851184211421,1.00008933359818,0.000926104927242114,0.000935562241816248,1,1
1.99852968808557,0.99923892333915,0.000951414436545158,0.000953283886822542,1,1
2.00062061145421,1.00005885753918,0.000937184014568357,0.000935489714329751,1,1
2.00160154202062,0.998452050188572,0.000939591420987562,0.000942097350419985,1,1
1.99935033797554,1.00226815817119,0.000935246282199219,0.000931490942535541,1,0
1.99929326356773,0.998974351436509,0.000940103703296762,0.000946466082096164,1,1
1.99968749053321,0.999148199645762,0.000933103319688811,0.000940020459417025,1,1
1.99994323539693,0.999103627590743,0.000929382711132448,0.000938210139291389,1,1
1.99943218309968,0.999841567890319,0.000950395284736238,0.00093910762238068,1,1
1.99918898166081,0.999581784364641,0.000950541388631014,0.000938946282067936,1,1
1.99980565673064,0.998943669379308,0.000935337127866572,0.000932125994333514,1,1
1.99929820293829,1.0003974276599,0.000932339723286412,0.000944062877300795,1,1
1.99884227246409,1.00036055594463,0.000928344599475438,0.000941911537004521,1,1
2.00049481557004,0.999020441585757,0.00094492002723768,0.00093941768476448,1,1
1.99966253265165,0.999154551094324,0.000935365831842689,0.000936059514053633,1,1
2.00037093823073,0.999787434843869,0.000924279158213321,0.0009271007396263,1,1
1.99973573287376,0.999453453305868,0.000941504121734408,0.000929815147524092,1,1
2.00058895137347,1.00088473311604,0.000924107004383061,0.000922870733228579,1,1
1.99818819436802,0.999879858552404,0.00094166531085173,0.000930078614133998,1,1
2.00098527934275,0.999847883218847,0.000937710331909491,0.00094582509239111,1,1
2.00065955130179,1.00001670112612,0.000940699789260526,0.000948292478577683,1,1
1.99906206492019,1.00010395389291,0.000921486547781011,0.000927382873566026,1,1
1.99914127251659,0.998764544339422,0.000940808391819568,0.000944623623626295,1,1
2.00051633746141,1.00096389027325,0.000937458365824815,0.000934233927153308,1,1
1.99845933974988,0.99941222058199,0.000924491231639838,0.000919420283403923,1,1
2.00054991342603,0.998950878934522,0.000935171258244444,0.000934053299486341,1,1
1.99969182731818,0.998834670172745,0.000936067400981815,0.000940691751037895,1,1
1.9997769812539,0.999943399569955,0.00094034053936789,0.00093585916760081,1,1
1.99900917589429,0.99899861966166,0.000942287646916832,0.000941848306789196,1,1
2.00076223573811,0.999166391590252,0.0009220691981457,0.000928513416608688,1,1
1.99788178839425,1.00100714681023,0.000922605827366888,0.00092503344980682,0,1
1.99890852110036,1.00027178571367,0.00094622536561547,0.000934856352037086,1,1
1.99853131466325,1.00007767046221,0.00094192514697206,0.000942761757481279,1,1
2.00105970517543,0.99945027644605,0.000950596088126231,0.000941949446006594,1,1
2.00070365970144,1.00107898683971,0.000916892968318039,0.000925532907792353,1,1
1.99899363796358,1.00049027487003,0.000940846917561927,0.000930965309315701,1,1
2.00037484141468,0.999307403494137,0.000928432501771607,0.000930774777147811,1,1
1.99906048049187,0.999443162909422,0.000937728534673912,0.000938478850562892,1,1
1.99881719460533,0.999624581372412,0.000943411911269273,0.000938499979084952,1,1
1.99920656464322,0.999680629001096,0.000938390312152906,0.000931370252063721,1,1
2.00093453257351,1.00206094213414,0.000932452082533658,0.000921942694635461,1,0
1.9990938794227,1.00102875160458,0.000931872433764651,0.000933319821975236,1,1
1.99939803962027,0.998986983960844,0.000934865507449795,0.00093248088764282,1,1
1.99829055777159,1.00027056108216,0.000933228620988404,0.000935913690989335,1,1
1.99996951566112,0.998485103501871,0.000934929563048192,0.000942378320348868,1,1
1.9980667762373,1.0006774824933,0.000936676702963976,0.000942417365301004,0,1
1.99967861994357,0.999871343296376,0.000933152082378311,0.000932043873198883,1,1
1.99864407554792,1.0004669334518,0.00094119645977274,0.00093443859557069,1,1
2.00010063342532,0.998785585253304,0.000937996088575758,0.000939478308843246,1,1
1.99984648732041,1.0011562938182,0.000943297584235919,0.000938269309686547,1,1
1.99967236536643,1.00003936288754,0.000940861266721155,0.000923399035482478,1,1
2.00228371955305,0.999768150589137,0.000944918984149898,0.000941292125632848,0,1
1.99860758413799,0.999165124426936,0.000931659423981303,0.000928725012390504,1,1
1.99980062469879,0.999496977312532,0.000943277412352485,0.00095879990578294,1,1
2.00096273136445,1.00014872329914,0.000938028579528815,0.000954627862403925,1,1
2.00037383311577,0.999256116538449,0.000927674531905278,0.000931570877336345,1,1
1.99790394463398,1.00205251193229,0.000928167603237256,0.000933240053107022,0,0
2.00020347992648,0.999274039312563,0.00093316948733383,0.000935883858832207,1,1
1.99830242654295,0.999611948373709,0.00092955432432466,0.000931334102997544,1,1
1.99851825691132,0.999359392266969,0.000940724789720499,0.000933680438652519,1,1
1.99857229101257,0.998986796239763,0.000943293239203517,0.000930808147892507,1,1
1.99954312752362,1.00086513161692,0.000935922976585918,0.000933788911170592,1,1
2.0003104722429,0.999496330773588,0.000952232898321729,0.000936723414610631,1,1
2.00147057263788,0.99895649929236,0.000939655730850239,0.000933963399247301,1,1
1.99857192112265,1.0002639169381,0.000942066725091714,0.000935093564614636,1,1
2.00042705296859,0.999352719383132,0.000936478196193064,0.000930145842352007,1,1
1.99787672228271,1.00039225200834,0.000954546092237381,0.000946416856573872,0,1
2.00005880551563,1.0007072437176,0.000939797461283102,0.000939847910868666,1,1
1.99928498979004,0.99943609961657,0.000930157433780577,0.000926858024375724,1,1
1.99912672989247,0.997992979151838,0.000941295937809846,0.000940914937441923,1,0
2.00024773320485,0.997389584298568,0.000944928006174256,0.00094895079442688,1,0
2.00186703066182,0.999108501748875,0.000938593146676618,0.000932481638277496,0,1
2.00043399720778,1.0005725897046,0.000946634293428514,0.000942640091540896,1,1
1.99884434452001,1.00026986854359,0.000933916243237787,0.000935692168214539,1,1
1.99973281012167,0.998285557486355,0.000940438160992084,0.000947154269731307,1,1
1.99895572382968,1.00026686108999,0.000943097765048697,0.000948471816977767,1,1
1.99979004230581,0.999331290690659,0.000932676040283318,0.000945299481864255,1,1
1.99833617573653,1.00006199454441,0.000940794217511806,0.000942085951930939,1,1
1.99967849593463,1.00069543509091,0.00093750569174636,0.00092581662573522,1,1
1.99987731745551,0.999385824710467,0.000925663329784166,0.000924428960845593,1,1
2.00070359714849,1.00038052832382,0.000940795610828825,0.000928466011215319,1,1
1.99902586747623,0.998863459809571,0.000934271816990235,0.00093307435086421,1,1
1.99977877800055,1.00042636430507,0.000944895144375816,0.000945272872165544,1,1
1.99988828909886,0.999866519427796,0.000945330057808754,0.000937839990381358,1,1
2.00040146807852,0.99934438488551,0.000943167240982611,0.000931997202593877,1,1
1.99926618725931,1.00188546443079,0.000936988142968707,0.000925054962958824,1,0
1.99885892215403,1.00056346974736,0.000919069079787681,0.000935295201340657,1,1
1.99840185501563,1.00112364779026,0.000927580668127708,0.000938300066820516,1,1
1.99886660896765,0.999703030669897,0.000936296689844981,0.00093673949693279,1,1
1.99979792851719,0.99977719615271,0.000937050734095227,0.000937147742845778,1,1
1.99916413343208,0.999938574611597,0.000923119520627571,0.000905392684672796,1,1
2.00014224478507,0.998231924650402,0.000935545521891484,0.00094088426643521,1,1
1.99885244186371,1.0014215991578,0.000936349617666195,0.000928332871780211,1,1
1.99940067098914,1.00176678724936,0.000953296667383639,0.000933030589899379,1,1
1.99929504469393,0.999509459641609,0.000932503945103343,0.000934712079803318,1,1
2.00159737963815,0.998642514151091,0.000928807376207224,0.000930649810539616,1,1
2.00071588826756,1.00040615962681,0.000937733048489618,0.00093043485893008,1,1
1.99849720656499,0.999076601947438,0.000946740449012982,0.000939607257916923,1,1
1.99988597643582,1.00006303010149,0.00094096260346687,0.000929815370079526,1,1
2.00040925375392,0.999309481189205,0.000939967453700324,0.000942978050344546,1,1
2.0000641324333,0.998574950030173,0.00095313664613495,0.000946109482725244,1,1
1.9988893545673,1.00052453773929,0.000933152915633084,0.000930178219804825,1,1
2.00128177990569,0.999517528092726,0.000943210366706163,0.000949599737525972,1,1
1.9995504414419,0.999725531121984,0.000933635626669216,0.000936024652033499,1,1
1.99875059261598,1.00037108711765,0.000932778368253201,0.000930242058274916,1,1
2.00099042445119,0.999729991905105,0.000937753240179938,0.000942689671229824,1,1
1.99924853753416,1.00052965747782,0.000937503564460214,0.000936236815515737,1,1
2.0015462573863,1.00000061653515,0.000933236495487926,0.000944920815112049,1,1
2.00016661053441,0.999549980066303,0.000939337686529748,0.000933946502681602,1,1
