1.97243116215898,0.986216098190572,0.00105693859667242,0.0010529777598656,0,0
1.97271403701359,0.985995515095853,0.00105209098005313,0.00105360094089661,0,0
1.97299911828129,0.986336503993543,0.00104672638137202,0.00103464572065097,0,0
1.97432030195103,0.986462226325624,0.00104312639065739,0.00104928418274269,0,0
1.97446825596976,0.988527998624269,0.00105354052254118,0.00104889219736321,0,0
1.97397994410957,0.988254970907826,0.00105156249474239,0.00104944490137721,0,0
1.97321058546317,0.986900038943717,0.00103970846287684,0.00103620262829418,0,0
1.97346534760085,0.985838122797874,0.00104355828177386,0.00105336494151949,0,0
1.97267104037761,0.986814533885659,0.00106086106272834,0.00105123887752242,0,0
1.97488201669149,0.987551832306419,0.0010476568574274,0.00104412519010886,0,0
1.9731411002839,0.985563405189373,0.00105171314124443,0.00104171256726458,0,0
1.97200874428828,0.989670661816097,0.00105644425131482,0.00106434887504855,0,0
1.97518378254428,0.986727474587759,0.00106134680885701,0.00105603132123022,0,0
1.97362593330966,0.986505955981275,0.00104273796331799,0.00105073095811979,0,0
1.97452905337424,0.988227901010923,0.00105650622614759,0.00106498945268105,0,0
1.975246972511,0.987917503631474,0.00105169940679623,0.00105696451777617,0,0
1.97235837355759,0.986872341131295,0.00106314066404925,0.00105822472254193,0,0
1.97242875195603,0.98643214241153,0.00104846838725641,0.00104925139074781,0,0
1.97294267959136,0.986766477591088,0.00106769129749949,0.00105573342432521,0,0
1.97284877959771,0.987264155042473,0.00106142309009913,0.00104713456000273,0,0
1.97221075884037,0.986562210375842,0.00104541703621731,0.00103185065805981,0,0
1.97378277787497,0.985231046115754,0.00104788818700146,0.00104802024497527,0,0
1.97299201484546,0.986435553931281,0.00106113690049449,0.00106072973833501,0,0
1.97377439266477,0.987295173579074,0.00105778958009173,0.00105163341689589,0,0
1.97346733325469,0.987121666742908,0.0010594067956471,0.00105550660424773,0,0
1.97149530374064,0.985866051016128,0.00107147390931224,0.00106130388711384,0,0
1.97295146859345,0.985786418411345,0.00105371035198463,0.00106278364842505,0,0
1.97586998539669,0.986008344319638,0.00106206913341748,0.00104578902448561,0,0
1.97235518569217,0.988630119185743,0.00104505095535697,0.00104930781802215,0,0
1.97287239937545,0.985749911987941,0.00106271084720625,0.00106358034740032,0,0
1.97336907702908,0.986314097695572,0.00105253091758305,0.00105049666594614,0,0
1.97396936060152,0.987876247453442,0.00105272640473417,0.00105388172150135,0,0
1.96981718005175,0.987013760193785,0.0010575172192414,0.00105573798574253,0,0
1.97298965254224,0.985867700642296,0.00106755700555012,0.00106167182325381,0,0
1.97267023249177,0.989622142412869,0.00105245644915446,0.00106056582684258,0,0
1.9726152884047,0.986893736517447,0.00104481831025362,0.00105454874390238,0,0
1.9734913396307,0.984773035230365,0.00105983411813095,0.00105740894321084,0,0
1.9736339401725,0.987333710166518,0.00105528177892519,0.00105525862467709,0,0
1.97191708172614,0.98691056475146,0.00104782204406946,0.0010481922030678,0,0
1.97387857352066,0.986067947102673,0.00105308370381975,0.00105743119037372,0,0
1.97218377792694,0.987109696065111,0.0010565115443325,0.00104860742648703,0,0
1.97322679811291,0.984148970643109,0.00105362359506081,0.00104443006363205,0,0
1.9707317755751,0.987050145806342,0.00105540946935745,0.00105261137693199,0,0
1.9740080612143,0.98688403948618,0.00105168362478275,0.00105823688534914,0,0
1.97240729381775,0.987634947276888,0.00104826268828022,0.0010519106766637,0,0
1.97183749334251,0.985760595837094,0.00105291117099287,0.00105411608957137,0,0
1.97159616445635,0.985356260437849,0.00104755636875986,0.00105305212377993,0,0
1.97230861359291,0.985174919767905,0.00104955554763283,0.0010445546552243,0,0
1.97427803180003,0.984992476192632,0.00104438873353539,0.00105633601030045,0,0
1.97324036203013,0.987146985201289,0.00106093363863326,0.00104821171174736,0,0
1.97297818156787,0.985675169710038,0.00105683621133967,0.0010738152972319,0,0
1.97173006961552,0.986552929168089,0.00106874329549562,0.00106407430686324,0,0
1.97171479498691,0.98712726296757,0.00106705521376931,0.00106269450954321,0,0
1.97340144641595,0.986494264481265,0.00104559280228063,0.00105264263559117,0,0
1.97512868623989,0.988454249937358,0.00104308615490794,0.00104936757863144,0,0
1.97545535818481,0.989441859161337,0.00105631160926729,0.00105539828202691,0,0
1.9729333672387,0.985704028630807,0.00104853721414867,0.0010739628136061,0,0
1.9731142787679,0.98800134428039,0.00106002568416924,0.00105893165259175,0,0
1.97363808478348,0.985914383567934,0.00104376319486351,0.00105037079686227,0,0
1.97439379443538,0.984800516204247,0.00104247863293608,0.00105821708138674,0,0
1.9728298794852,0.98705792466761,0.00105854512851239,0.00106838867440982,0,0
1.9722502934254,0.985872447123883,0.00105862745455132,0.00105871939801658,0,0
1.97199062398898,0.986965956532585,0.00106814081892586,0.00105930106251066,0,0
1.97267273629501,0.986326814443976,0.00105621725316907,0.00104749005980216,0,0
1.9729479564214,0.987494619615994,0.00104523853842493,0.00104795925596341,0,0
1.97230835466575,0.987388764421641,0.00106508747281464,0.00105665880600948,0,0
1.97455231674298,0.986174925246924,0.00106147244201926,0.00104752511651703,0,0
1.97222386317672,0.986382644138366,0.0010528174465231,0.00104587843417678,0,0
1.97413812520073,0.987698130577215,0.00105722640772582,0.00106133142340808,0,0
1.97202295481,0.988922264908014,0.00104684391949208,0.00104406533148434,0,0
1.97316326182387,0.986457040680542,0.00105715835335011,0.00105237674953077,0,0
1.97302339980192,0.987338783492058,0.00104679626325088,0.00105136866784047,0,0
1.97135413736339,0.986537980682912,0.00104713060637394,0.00105174834578673,0,0
1.97090549421695,0.985598927413612,0.00104860631659085,0.00106028652654376,0,0
1.97490940735301,0.985153002273997,0.00103846541109061,0.00105297945532041,0,0
1.97358027038888,0.987677062614725,0.00106277835991467,0.00105735617169521,0,0
1.97306959043425,0.986790132477946,0.00106288117505586,0.00105600478245978,0,0
1.97221279535595,0.986893567650622,0.00106106679143816,0.00107050397754135,0,0
1.9743359854331,0.986444869198336,0.00104579456060921,0.00105212952775179,0,0
1.97407105053543,0.986241103469171,0.00104954064129377,0.00105113488223694,0,0
1.97362484356277,0.987814557705658,0.00107055591338041,0.00105127983733069,0,0
1.97600138027827,0.989191597810395,0.00105679455757935,0.00105522303053324,0,0
1.97205571392876,0.985643919656562,0.00105072728700447,0.00104924969744399,0,0
1.97172315131626,0.986506328734947,0.00106383804812753,0.00106417454732058,0,0
1.97312013777284,0.987838859573159,0.00106513210392531,0.00105372469498648,0,0
1.97351338908632,0.986766193389067,0.00106849878639863,0.00104410568099261,0,0
1.97249401831745,0.987507636472317,0.00103893152666824,0.0010498280691542,0,0
1.97302233681686,0.985878579701484,0.00106610849436299,0.00104383737061088,0,0
1.97228461062196,0.98655508639126,0.00104884216562822,0.00104346075702175,0,0
1.97364154401367,0.987192211493381,0.00105593213316699,0.00105410742352465,0,0
1.9737256760559,0.986226427058569,0.00105278267046895,0.00105912301959433,0,0
1.97321331349234,0.988031584448251,0.00103834120183978,0.00106111391749222,0,0
1.97500412655107,0.987661519411189,0.00105220969316638,0.00106363174449695,0,0
1.97331245743609,0.985792155035908,0.00105063146136993,0.00106148807772741,0,0
1.97295560032998,0.985811935440264,0.00106440784048084,0.00105348440677722,0,0
1.97221267926266,0.987137855315003,0.00105145320933981,0.00105294476929137,0,0
1.97538815469062,0.985906349724955,0.00105573398194245,0.0010462764087233,0,0
1.9733835127235,0.984724523413222,0.00105791473408828,0.00105647404338617,0,0
1.97258226070163,0.98800022714876,0.00105348091528951,0.0010595632763181,0,0
1.97283980968883,0.986057705991403,0.00105490722715539,0.00105269431101709,0,0
1.97358426233238,0.985478123289881,0.00105058259704212,0.00105095470267349,0,0
1.97238605521834,0.988217380648841,0.00106343884239008,0.00105886023448622,0,0
1.97485596237176,0.985486424164711,0.00107871327718504,0.00106354408268997,0,0
1.97268373047146,0.987479190456425,0.00107229518845848,0.00107587264614251,0,0
1.97535798388146,0.986269847007875,0.00105389493157695,0.00105731088406966,0,0
1.97271254111433,0.986779644467751,0.00105850526740898,0.00107721408446933,0,0
1.97477770154121,0.986943878252903,0.00105899400043545,0.00104494599945734,0,0
1.97409721602456,0.986231333745191,0.00104414966341841,0.00105245290576413,0,0
1.97366296719725,0.986011176458149,0.00104965134363702,0.00103796349948456,0,0
1.97341193235969,0.986614020471479,0.00105210830476861,0.00105751506123852,0,0
1.97249984075981,0.986885572433096,0.00107000158221682,0.0010602950284293,0,0
1.97515994320969,0.989427292164693,0.00106321613055845,0.00106057686373257,0,0
1.97437730430666,0.986186645651205,0.00106436776034417,0.00105528494690112,0,0
1.97664072314759,0.987603433111794,0.00105449152296508,0.001046523796966,0,0
1.97182445998445,0.98570085093008,0.0010497157406611,0.00105103383756017,0,0
1.97282238690664,0.98556055601308,0.00106475977896474,0.00106443176514105,0,0
1.97348826703184,0.986380003876488,0.0010693135310638,0.00105974178614904,0,0
1.97460714095062,0.987263782239894,0.0010507325490654,0.00105472925928387,0,0
1.97372225322762,0.986063260092149,0.00105290767030803,0.00104747022636755,0,0
1.97350382867033,0.986092287670241,0.00105413129668736,0.0010540637381357,0,0
1.97463444115071,0.98885006782508,0.00104956110758675,0.00104728076209767,0,0
1.97400836782213,0.984301555509367,0.00104738674682124,0.00105834449857105,0,0
1.97550018193638,0.985279371012861,0.0010535544501476,0.00105176000397434,0,0
1.97323948239267,0.986579702531992,0.0010568801606562,0.00105747336008522,0,0
1.97286760640601,0.985873421339863,0.00106153421607166,0.00106126871286251,0,0
1.97255126513786,0.988107062664051,0.0010557178878203,0.00105412378918397,0,0
1.9735542132221,0.987779626155603,0.00103828973200671,0.0010435017303519,0,0
1.97277398625043,0.985414412618423,0.00105914582891017,0.00106350765981376,0,0
1.97501287494155,0.9872339139425,0.00104274641086689,0.00105235169288068,0,0
1.97412763635735,0.987965978793447,0.00106550234553593,0.00106407195041042,0,0
1.97004865336912,0.98694059942469,0.00104471570457114,0.00105057232150502,0,0
1.97433625818757,0.985182955757564,0.00104485117947235,0.00103944680540778,0,0
1.97173121250091,0.98763187841143,0.00105331501232613,0.00106684898235545,0,0
1.97147947601141,0.986737461039575,0.00105607006173809,0.00106621207591718,0,0
1.97207050825237,0.987278793251979,0.00105881049721002,0.00106050072840533,0,0
1.97354212150856,0.987349256589617,0.00105556708013198,0.00105850691872776,0,0
1.97465995711866,0.987509458633849,0.0010467704290748,0.00104646251818249,0,0
1.97321699676012,0.986565101400486,0.00106072959248117,0.00106093612172625,0,0
1.97350727474173,0.987741475578358,0.00105151238212844,0.00105580092797459,0,0
1.97309329340245,0.984909033319616,0.00104633747847181,0.00104488479531441,0,0
1.97500502372275,0.986410432292755,0.00105176906628254,0.00105703869039481,0,0
1.97091118582712,0.987776976279801,0.00104476260585565,0.00104742966096261,0,0
1.97408762463662,0.98576747767717,0.00107391930131949,0.00104560920354255,0,0
1.97348521524438,0.986394636857123,0.00105252398142202,0.00105791997546037,0,0
1.97510170473333,0.986947069458662,0.00104968756289164,0.0010505009549615,0,0
1.97361908403109,0.986132193362865,0.00104970374350086,0.00105348579776235,0,0
1.97345807331421,0.987672361705328,0.0010667397416247,0.00106892347865173,0,0
1.97378588353503,0.986687470765814,0.00106211168953749,0.00104805572764378,0,0
1.97283000929205,0.986397873808754,0.00104773406356339,0.00105239302943025,0,0
1.97043446604461,0.987101785547399,0.00105965740126376,0.00104774689351148,0,0
1.97247502641685,0.987984792749787,0.00104971431048576,0.00105663582815268,0,0
1.97394653852523,0.985395570274006,0.00106708658386362,0.00106321993283613,0,0
1.97214730888176,0.987457700086122,0.00107257532940679,0.00106289917707925,0,0
1.97391756599942,0.986275047174652,0.0010638836515433,0.00106208752605441,0,0
1.9725375966076,0.985963115904652,0.00105613691147396,0.00105068292799741,0,0
1.9741014376234,0.984041990559389,0.00104674050631203,0.00105209841188018,0,0
1.97405207252658,0.985472129487307,0.00104702842516639,0.00105024747043039,0,0
1.97381876715277,0.987744124453284,0.00106848824256566,0.00106761217740675,0,0
1.97325959519831,0.986090258261377,0.00104818522515955,0.00106385983855927,0,0
1.97134494425789,0.98695890703995,0.00105475742648287,0.00104855591500218,0,0
1.97445290330644,0.987354101918691,0.00105927915772051,0.00104174957144669,0,0
1.97523006044244,0.986005154303988,0.00105150029094676,0.0010606604165723,0,0
1.97364597684108,0.989166808628011,0.00105507404294944,0.00106500761211001,0,0
1.97342724096655,0.987094514938448,0.00104878474951122,0.00105508781905522,0,0
1.97286611535108,0.987680630414523,0.00104750336750839,0.00105332931475761,0,0
1.97699313629187,0.987360479927719,0.00104227271611366,0.00104357311930085,0,0
1.97394526920908,0.98441086570427,0.00104532879025918,0.00104327105932752,0,0
1.97440199184034,0.987350693791885,0.00104603029490239,0.00105234343501886,0,0
1.97359822929355,0.985219462248993,0.00104644855499875,0.00105211957584361,0,0
1.97372492182023,0.987265761594809,0.00106384669428502,0.00104372170063502,0,0
1.97484971162302,0.988107851971923,0.00105238942096157,0.00105253975250945,0,0
1.97214641554316,0.987491984145113,0.00104966579931684,0.00105111318530018,0,0
1.97443215373246,0.985993164509778,0.00105119415816975,0.00106313043104577,0,0
1.97312376619941,0.985971337333738,0.0010644112599805,0.00104724767570566,0,0
1.971270200234,0.987015695901868,0.00106990471708427,0.00106483572793584,0,0
1.97261315921461,0.985704082668665,0.0010406776717621,0.00104308280679618,0,0
1.97256275919312,0.985883195620499,0.00105681384619557,0.00104924452294548,0,0
1.97381315221639,0.988565780259833,0.00105334545488817,0.00104543897024089,0,0
1.97350587442803,0.984984943515743,0.00104346059673357,0.00105190132694602,0,0
1.97215097222535,0.986287952596524,0.00104736862624396,0.0010497675548118,0,0
1.9731436941904,0.983832895522158,0.00105710154427558,0.0010493836058262,0,0
1.97064444638815,0.985967960475875,0.00104959986070236,0.0010680035714866,0,0
1.97327482468747,0.985434728842719,0.00105715985560283,0.00107442850302674,0,0
1.97297490064554,0.988534188325323,0.00105262428594045,0.00105592318688151,0,0
1.97234336467044,0.989928131085549,0.00105017606988937,0.00106842315770176,0,0
1.97229656632352,0.985832599413919,0.00105984471618793,0.00105377751468749,0,0
1.97450449270201,0.986820668094868,0.00107346235884462,0.00106701292314422,0,0
1.97527619048076,0.988195645212712,0.00105344172117301,0.00105994669646883,0,0
1.97092018749321,0.98839854400311,0.0010646891732517,0.0010626324824425,0,0
1.97098362219,0.986243636039178,0.00105515884165752,0.00105464182554439,0,0
1.97254579167214,0.986058838732374,0.00106788124060928,0.00106380510714324,0,0
1.97287954647312,0.98693450079688,0.00106126609192216,0.00105485529979233,0,0
1.97425642545861,0.987126663361947,0.00106085312948717,0.00104434913354799,0,0
1.97401576379841,0.985955419965606,0.0010762660859034,0.00106138259513193,0,0
1.97131562603972,0.98576723407297,0.00104830168875031,0.00104575249671126,0,0
1.97185137063836,0.98657196766117,0.00104479769324916,0.00106302072176983,0,0
1.97551474465294,0.984513752109524,0.00105666982908179,0.00105030284558725,0,0
1.97311038984604,0.985915254090998,0.0010515629199418,0.00103804468139883,0,0
1.97366830650825,0.986451206598379,0.0010632639639027,0.00107061511692077,0,0
1.97119469740249,0.98524987904012,0.00106273514466463,0.00104511588669028,0,0
1.97266026042792,0.985153964418934,0.0010609026773817,0.00106485116766677,0,0
1.97385509977384,0.986554506534875,0.00106183712250667,0.00106015838065489,0,0
1.97455774985577,0.986676444928188,0.00106129490182361,0.00103965636850745,0,0
1.97332956768528,0.986204487781126,0.00104700009008951,0.00104422742356359,0,0
1.97368413252502,0.987829404322561,0.00105413534176144,0.00105765927088626,0,0
1.97286382328073,0.986153441504954,0.00106930747906914,0.00106312169711735,0,0
1.97151008215992,0.985732212210186,0.00104450134878448,0.00105503399530141,0,0
1.97195655054704,0.98798282837457,0.00104529327002008,0.00104995762576798,0,0
1.97373915162132,0.98744041662136,0.00104482038618594,0.0010498838537473,0,0
1.97502483331863,0.987945820483782,0.0010494536428451,0.00105613079019459,0,0
1.97576537472887,0.987570536037287,0.00104689046151746,0.00104767167379659,0,0
1.97205530921333,0.986521863476823,0.00106547993766625,0.0010663023387048,0,0
1.9743135603695,0.987912049101539,0.00105973470068907,0.00105984564238661,0,0
1.97353284562227,0.985436159443881,0.00105634348039742,0.00105906353909135,0,0
1.97353065804123,0.986523194871279,0.00106213009360015,0.00106484783226326,0,0
1.97230397745944,0.986974206368414,0.00104693641084524,0.00105752290202595,0,0
1.97195111555127,0.987219567111562,0.00106571019769357,0.00105839705427105,0,0
1.97203463817937,0.986518469599726,0.00106621544441958,0.00105978056138149,0,0
1.97285065840774,0.985482653950565,0.00105321700747681,0.00105431639117014,0,0
1.97345831349133,0.984702097981832,0.00105695723498476,0.00106115124942471,0,0
1.97558224955743,0.987460070642118,0.00104590405947576,0.00105354348561472,0,0
1.97420278720629,0.985589754538924,0.00104222148582917,0.00104092382068188,0,0
1.9750145851509,0.98560128813157,0.001061161500476,0.00106500857983903,0,0
1.97489995495029,0.988264410655659,0.00106448116443403,0.00105104652945692,0,0
1.97369945975943,0.987226966358801,0.00103440221303417,0.00104167855589978,0,0
1.97332969468941,0.987116719180705,0.00103660236668133,0.00105624682393357,0,0
1.97438554990642,0.987773388874037,0.00107512666254587,0.00106585946936925,0,0
1.97266254560404,0.986677020573291,0.00105994833934669,0.00105279665835353,0,0
1.97333995432883,0.985139874182645,0.00105565029407243,0.00106608123671001,0,0
1.97440485628406,0.985067018409686,0.00105078618750609,0.0010438477673936,0,0
1.97099034228551,0.986806264390585,0.0010663844870288,0.0010588602499994,0,0
1.97489102671628,0.987045542687836,0.00105919033208521,0.00106335241495926,0,0
1.97377972163242,0.986757072580186,0.00105157327203327,0.00105904091342747,0,0
1.97356791370349,0.98681634207414,0.00105615780324922,0.00106273382127127,0,0
1.97407707511678,0.986765145994351,0.00107051323404859,0.00106609617302525,0,0
1.97452121743245,0.987532422448318,0.00105999128831668,0.00104329850129848,0,0
1.9729153441697,0.987865990870134,0.00104278097125557,0.00104020847768455,0,0
1.97123457413694,0.985696856037507,0.00106419204726789,0.00105448723103707,0,0
1.97243924639439,0.988207056575557,0.00104913774198139,0.00105430537358849,0,0
1.97521860368463,0.986942973328817,0.00105430401465084,0.00105017772474676,0,0
1.97138629024881,0.98632366357065,0.0010362087759781,0.00105386626116247,0,0
1.97227058417849,0.986214634831077,0.00105439256121873,0.00104926121159826,0,0
1.97350728819179,0.985465851966831,0.00105197269797477,0.00105571432745165,0,0
1.97581483281296,0.987909724283109,0.0010552505954693,0.00105812277399257,0,0
1.97488779931136,0.985793301087667,0.00105844612626551,0.00105815296238959,0,0
1.97546037307231,0.988164982290131,0.00104559657782138,0.00106490338142728,0,0
1.97220923262363,0.987824824670055,0.00105990729498372,0.0010491390370945,0,0
1.97250886748427,0.985524128897403,0.00105039503330517,0.00105557001893559,0,0
1.97453190949507,0.98682382871183,0.0010476903989068,0.00105364746875118,0,0
1.97190473000033,0.987072073632941,0.00105638620207645,0.00105728083547092,0,0
1.97342267652682,0.986410572554067,0.00103858178739874,0.00104297795336935,0,0
1.9741234815775,0.98517038785916,0.00104748763372074,0.00104311465279815,0,0
1.97395803895376,0.987230510236598,0.00104915624784057,0.00104702672098212,0,0
1.97233718815886,0.987005380992878,0.0010655305979471,0.00107249444923649,0,0
1.97448763209197,0.986529788651815,0.00105772053030086,0.00104187731005959,0,0
1.97431878136365,0.985030494421592,0.0010666595974293,0.00107084167296515,0,0
1.97401369385883,0.987687328314651,0.00105345169141045,0.00104849463589542,0,0
1.97443528521515,0.986451104064866,0.00107244991941187,0.00106375716825369,0,0
1.97314263262001,0.98644513971629,0.00102893021880829,0.00103038459263247,0,0
1.97408865726873,0.987848202953445,0.0010415658590682,0.00104647037267449,0,0
1.97379866773621,0.986477699314374,0.00106295141698063,0.00104727488158429,0,0
1.97385493511524,0.988268447300571,0.00105378520827201,0.00106912518070048,0,0
1.97182687161834,0.987800537052047,0.00105730533210819,0.00106167564199149,0,0
1.97421011958353,0.987320835520212,0.00105456955075558,0.00107219898959075,0,0
1.97428084190241,0.985700969719875,0.00105907513143405,0.00105423858115397,0,0
1.97366633334041,0.984434357981387,0.0010624928656632,0.00105172428063187,0,0
1.97380788622547,0.985351639723981,0.00105070226167062,0.0010596648297566,0,0
1.97117781502355,0.985474536616363,0.00105124752586826,0.00105260059069372,0,0
1.97439823669502,0.986635004645218,0.00106399376471008,0.00105693623924896,0,0
1.97461346479934,0.988104763060822,0.00104906533237315,0.00104506859988238,0,0
1.97175981735564,0.984487798529088,0.00105762747567869,0.00105940133668932,0,0
1.97427159182486,0.987729569409731,0.00106273538047744,0.00107506501140497,0,0
1.97327139505091,0.986381494053425,0.00105791020702223,0.00106339244879314,0,0
1.97531760545984,0.986920027389213,0.00105096451167637,0.00105157496872682,0,0
1.97384152696108,0.985690878439151,0.00105702698199101,0.00106377262581238,0,0
1.97234111162675,0.987013520364403,0.00104491235168266,0.00104531023717065,0,0
1.97429601374719,0.987783300166722,0.00106631589157523,0.00105943730432618,0,0
1.97441388356955,0.986862338796978,0.00105663016604961,0.00105901611860002,0,0
1.9739781541309,0.986329737256958,0.00107089960976721,0.00105333927989625,0,0
1.97243835762303,0.985352493163955,0.00105708935173622,0.00105449571051338,0,0
1.97296368621961,0.985744978103076,0.00106919253716299,0.00106984565615891,0,0
1.97418976541241,0.987246162974993,0.00105935122842744,0.00105316886530819,0,0
1.97351318403811,0.985577190409258,0.00105579863587362,0.00104090066559751,0,0
1.97336195883091,0.986986865424384,0.00105091365846957,0.00104918788824757,0,0
1.97484084283585,0.986467631261934,0.00106319543402356,0.00105475856316629,0,0
1.97272091648982,0.986124976535043,0.00107665699133412,0.00107249569094442,0,0
1.97340595435327,0.986785524597325,0.00106273826806102,0.00107316109843025,0,0
1.97354387500389,0.985653705930461,0.00105682966961475,0.00107066253455682,0,0
1.97055925419589,0.986496168669022,0.00106257901444952,0.00104329535219964,0,0
1.97436543596525,0.988044339471414,0.00106671207659825,0.00105830746395471,0,0
1.97279973673231,0.98780091369813,0.00104074950119706,0.00102944256499287,0,0
1.97206353317396,0.986667530640259,0.00104440394062769,0.00105251804151633,0,0
1.97443654292611,0.985927052995699,0.00106286326605825,0.00105653448635469,0,0
1.97374788432009,0.986326633254313,0.00105437059412653,0.00105350337156302,0,0
1.97384333372517,0.986532632091562,0.0010516532297078,0.00105284631590212,0,0
1.97160061611553,0.988246661842521,0.00105428328184767,0.0010520025463848,0,0
1.97373443690382,0.984845399551503,0.00105398589466054,0.00105826867699083,0,0
1.97296554954838,0.987191877394542,0.00103932176981199,0.00105213175661378,0,0
1.9729068917908,0.986068420039858,0.00105519531148061,0.00105490233802629,0,0
1.97407082203387,0.985992833211317,0.00105308105968598,0.00105356638549977,0,0
1.97426483565069,0.988197423601733,0.00105274917957105,0.00105318709283257,0,0
1.97394892799746,0.984880657202881,0.00105774751712934,0.00105897079619561,0,0
1.97164640287647,0.986418767304515,0.00105024894834609,0.00105713426544752,0,0
1.97353756059206,0.986584991572706,0.00105200357202123,0.00104640808118152,0,0
1.97459370718862,0.984814287539254,0.0010607300648153,0.00105377594934285,0,0
1.97172906634907,0.987746552367418,0.00104809714961972,0.00104655192601648,0,0
1.97434240580071,0.988217843667925,0.00105421455793819,0.00104985149462932,0,0
1.97373662521208,0.984424874441209,0.00104302720743749,0.00105458475124653,0,0
1.97465619479665,0.985809711428016,0.00105001699684262,0.00105929919257269,0,0
1.97458233129176,0.988425373908157,0.00105685263598547,0.00105330632164439,0,0
1.97079620722982,0.986590852740672,0.00106196015448124,0.00106050168208665,0,0
1.97415779731227,0.98613248954024,0.00106031226027419,0.00105151950320085,0,0
1.97162428067141,0.987284298730643,0.00105278163273719,0.00104638627954586,0,0
1.97242591598906,0.987181286561146,0.00105573332197577,0.0010548392495157,0,0
1.97275512046986,0.985435340802855,0.00107269329331982,0.00104454242651599,0,0
1.97590983960084,0.987360543747677,0.00105095108246449,0.00105811540327553,0,0
1.97235696236718,0.987019144226446,0.00104751988428339,0.00105607540582759,0,0
1.97522947167367,0.986957912696906,0.00104995278626643,0.00104253924188761,0,0
1.97192699333464,0.986704980514943,0.00106087346547222,0.00104751936908136,0,0
1.9732084861109,0.985612003692012,0.0010486068121114,0.00105059667967956,0,0
1.97579761876183,0.98761709542996,0.0010495411057125,0.00104439589213464,0,0
1.97153253445761,0.987546439702443,0.00104496800322263,0.00105387824755844,0,0
1.97501456247796,0.985272745822371,0.00106208925313639,0.0010553537871538,0,0
1.97426291312003,0.985956398370565,0.00105744171084354,0.00105462835943862,0,0
1.97275504641244,0.986759525777977,0.00105671854737937,0.00106262532153109,0,0
1.9716997696805,0.987943288798335,0.00106951568783153,0.00106575014126702,0,0
1.9760776743469,0.989838821081711,0.00106184345993087,0.00106690478971887,0,0
1.97338503869702,0.986073779727811,0.00104857810549933,0.00105501088977029,0,0
1.97320700582491,0.987683027316499,0.00105381074721045,0.00103967372579392,0,0
1.97360370886524,0.986244085223518,0.00104731473030982,0.0010407998602567,0,0
1.97372084314494,0.987138866404591,0.00106572024545754,0.00106385969884746,0,0
1.97250324800298,0.986528733145626,0.00106622732356886,0.00105730709321413,0,0
1.97583258877795,0.985124613738008,0.00105569396378312,0.00105641648522893,0,0
1.97298129512976,0.987480843267759,0.00105310421247622,0.0010506464490119,0,0
1.97485268196882,0.984891303298779,0.00104713280266988,0.00106034171547311,0,0
1.97288607630158,0.987305293924923,0.00105652598836995,0.00105556764750112,0,0
1.97264919153588,0.986379545531372,0.00106341578164236,0.00105294217658053,0,0
1.97297370385798,0.986689283326793,0.00105931783416308,0.00106110662463143,0,0
1.97565589248627,0.988035980122773,0.00105135891005899,0.00103996638498695,0,0
1.97459114547868,0.987459451309835,0.00104882166551255,0.00104883676552022,0,0
1.97303397424397,0.987995971864771,0.00105625386028712,0.00106000134552946,0,0
1.97369437993753,0.985170415055327,0.00105978607251822,0.00106176280507596,0,0
1.97362608543388,0.98694703180843,0.00105391507976336,0.00104919571850834,0,0
1.97273771293585,0.986137834151139,0.00105827285218636,0.00104895757472243,0,0
1.97325938680999,0.987798409807005,0.00106149337739828,0.00104510437492199,0,0
1.96968185073076,0.986308474948637,0.00103709599064501,0.00104465719805988,0,0
1.97305596632375,0.986472657543399,0.00105241145797766,0.0010526991367851,0,0
1.97514403140772,0.988422231159749,0.00103979465215384,0.00105534782154173,0,0
1.97257850314049,0.988131137915636,0.00104502713181322,0.00104250706289666,0,0
1.97219961491193,0.985837266087562,0.00104023823051126,0.00105602341172383,0,0
1.97356418782039,0.986991049956128,0.00105171520919555,0.00105171958124472,0,0
1.97344688588224,0.987775864173001,0.00104441105794239,0.00105998976092882,0,0
1.97435118417987,0.985802488210031,0.00106568722530431,0.00105698258189067,0,0
1.97362035333866,0.987373042249647,0.00105271913029408,0.00105053717490183,0,0
1.97220082229673,0.989046921604771,0.00103829938076876,0.00104622246504139,0,0
1.97422304945946,0.985832947903294,0.00104356928286673,0.0010611520847885,0,0
1.97319615181153,0.985746218224589,0.00106464951444647,0.00106057291937853,0,0
1.97128141416216,0.98657647887871,0.00105616583086645,0.00105333467602158,0,0
1.97563762427624,0.987835336644651,0.00106060857866839,0.00106021629279932,0,0
1.97169345568534,0.984654879966094,0.00104865353202965,0.00105220255081191,0,0
1.97256124872332,0.985861414481717,0.0010512050339773,0.00106680519400537,0,0
1.97381239556077,0.986304404800101,0.00106586232502209,0.00105534043286692,0,0
1.97153391512346,0.984061268048494,0.00105053214756895,0.00104907854657549,0,0
1.97262373184244,0.986531336672203,0.00104351268021139,0.00104984765309462,0,0
1.97419699611596,0.988663636016577,0.00105041404090565,0.00105469175307375,0,0
1.97258166739045,0.988466245237069,0.00104786251195904,0.00105568058747847,0,0
1.97293871907318,0.987354836110278,0.00105535901256716,0.00104753974633494,0,0
1.97234522080534,0.985546174415369,0.00105396084397973,0.00105095415943595,0,0
1.97377568472411,0.985632825133015,0.00104700598112377,0.00105446970551783,0,0
1.97376986681571,0.9857969444333,0.00106475503834477,0.00105402583302358,0,0
1.97226740654373,0.988611147322034,0.0010546995704419,0.00105770719671714,0,0
1.97154295101185,0.985356675399296,0.00105318944001801,0.00106408006656421,0,0
1.97251563626997,0.987966420834187,0.00105874001070708,0.00103886033785926,0,0
1.97330361750245,0.986762215615737,0.00105578423714283,0.00105306475040158,0,0
1.97250917175343,0.985301173975998,0.00106109271399257,0.00105139108006832,0,0
1.97414196584865,0.985762778433978,0.00104969288125334,0.00105447039852251,0,0
1.9739502660889,0.986981251197982,0.00106612628797423,0.00105852944530141,0,0
1.97288211706454,0.984209783292269,0.00105134057448478,0.00105804213912489,0,0
1.97266976831653,0.987940457868822,0.0010606455914917,0.00104906991140737,0,0
1.97298972930136,0.986549737281144,0.00106797679996646,0.00105738411728408,0,0
1.97313985386163,0.987943462370234,0.00104876573716264,0.00105311795164938,0,0
1.97076096131957,0.985740866515431,0.00105283445447146,0.001045224734844,0,0
1.97317408588347,0.986885390882824,0.0010499057732318,0.00104253891993393,0,0
1.97428382439403,0.985722552289721,0.00104728552732547,0.00104883541056958,0,0
1.97293622366118,0.985636468986213,0.0010500238356668,0.00102475965345758,0,0
1.97278652624154,0.986993438153758,0.00105006807738207,0.00105191056719951,0,0
1.97273976042226,0.985568276176624,0.00105283892597456,0.00105671628655999,0,0
1.97275573225605,0.986311433982087,0.00107146724068473,0.00106883487968893,0,0
1.97220606140867,0.986383749948856,0.00104066780250468,0.00104411822643956,0,0
1.97310278828353,0.985025781340364,0.00104752528686134,0.00103697209198845,0,0
1.97447661128368,0.985021483569992,0.00104999714508849,0.0010578465929031,0,0
1.97562927975124,0.985875821067231,0.00104708605300011,0.00106472869712013,0,0
1.9738821489518,0.987258588105686,0.00105259317553515,0.00105909359485381,0,0
1.97430673364416,0.985500171433151,0.00104890178001849,0.0010457496640822,0,0
1.97272257611552,0.989579755854039,0.00105733429811512,0.0010509024412091,0,0
1.97186012063594,0.986145289053534,0.00105605397959058,0.00105925864399839,0,0
1.97137063385837,0.984770316153105,0.00105757653166123,0.00105621063190514,0,0
1.97391177513479,0.986607336568202,0.00105407594188334,0.00105839815033697,0,0
1.97445835650924,0.985044054691243,0.00105979667723004,0.00105987898487444,0,0
1.97112846810983,0.987516634681791,0.00106640580026076,0.00105870503473159,0,0
1.97175982737351,0.987058009085329,0.00105571539757402,0.00105083322931514,0,0
1.97199909601608,0.98657531838176,0.0010649462863224,0.00105648993530356,0,0
1.97319946548111,0.985660717523892,0.00105204893957499,0.00104839711613134,0,0
1.97282766592881,0.986820573785853,0.00107227422753527,0.0010587998619237,0,0
1.97556809034875,0.986676462729828,0.00106160645630107,0.00105039768392479,0,0
1.97502380592023,0.986739673049172,0.00105524430550621,0.00104277261627076,0,0
1.97364847605361,0.987784405681847,0.0010563692330144,0.00104297471044716,0,0
1.97298653656718,0.986092243445503,0.00106434830789423,0.00105017948307846,0,0
1.97364340042736,0.987440853672496,0.00105676779797535,0.00105260401486103,0,0
1.97168321943351,0.988655638208788,0.00104785445789777,0.00105382076844062,0,0
1.97403491117219,0.98770241050975,0.00104345786861904,0.0010519692799039,0,0
1.97332533079338,0.985808386281334,0.00105754442186935,0.00104839239279043,0,0
1.97344424553859,0.987042839615637,0.00105258228930525,0.00105335785242436,0,0
1.9717090098657,0.986665147831247,0.00104463258036089,0.00104544748684251,0,0
1.97077777113077,0.98529760100312,0.00104953638376252,0.001067159681794,0,0
1.97386790285785,0.988831961922988,0.00105993090006701,0.0010492175713971,0,0
1.97272869740721,0.987107184283821,0.00104476303541626,0.00105788350568112,0,0
1.97387216109525,0.987149725569714,0.00105113070475111,0.00104674813994489,0,0
1.97273753014763,0.98659769651826,0.00106303909726564,0.00105703287767662,0,0
1.97278777859585,0.983931938258934,0.00106653174277559,0.0010544689981267,0,0
1.97216753078455,0.986205662617545,0.00106708588428878,0.00107296588096096,0,0
1.97295366606689,0.987210660354306,0.00104591238412559,0.00105341790940701,0,0
1.97318118871322,0.985340945625861,0.0010517056483052,0.00105896645999426,0,0
1.97303011744363,0.987795644767428,0.00106297131488954,0.00105421480919003,0,0
1.9732215697454,0.986856601500061,0.00104911782794647,0.00105034734877542,0,0
1.97212228615335,0.984993768893543,0.00105212591954967,0.00105477120080822,0,0
1.97448663389688,0.9879873969931,0.00105054705921186,0.00106196489892597,0,0
1.97172537142014,0.987641318886633,0.00105224342332798,0.00105135512640315,0,0
1.97409322569412,0.987140079185246,0.00106269307922249,0.00105695493171823,0,0
1.9739519356661,0.987192866542759,0.00104712740547502,0.00105317992925558,0,0
1.97331868607589,0.986237566175653,0.00106493768992683,0.00107331166864061,0,0
1.97268406100585,0.98522157502213,0.00105131916604759,0.00104157004730064,0,0
1.97181376149834,0.987099750632772,0.00106072423467894,0.00105469013651513,0,0
1.97315274443865,0.986664890409164,0.00105452750647086,0.00105219056677821,0,0
1.97322304693873,0.984393852739567,0.00105118417866562,0.00105548601851945,0,0
1.97425587241469,0.986855719417074,0.0010469824281917,0.00105539469338529,0,0
1.97255567390521,0.986514020927431,0.00105390160384146,0.00105861039937937,0,0
1.97608818041866,0.985968562980812,0.00104855859943679,0.00104542711608853,0,0
1.97398685179698,0.988557440193906,0.00105405376032816,0.00104249331077996,0,0
1.97485655641837,0.987509791737846,0.00104075235846727,0.00104765850001478,0,0
1.97307193139966,0.988931047099803,0.00105348110522484,0.00105278554414052,0,0
1.97181897671138,0.986401605417056,0.00105294631464248,0.00105699067819003,0,0
1.97316065490419,0.986692231306005,0.00106056957003354,0.00106296492234148,0,0
1.97433962338647,0.988578723943788,0.00105299562665551,0.00105699528265686,0,0
1.97422350310298,0.984921308478024,0.00106384157553771,0.00105346676542025,0,0
1.97090266799312,0.986128001236915,0.00105294549931554,0.00104434750717022,0,0
1.97318638714349,0.986055179303941,0.00105320764615564,0.0010560311849579,0,0
1.97458359279461,0.986762275176642,0.00104675979662504,0.00104760297368861,0,0
1.97388748802467,0.985193671760687,0.00105976983257161,0.00105317603130235,0,0
1.97243667965021,0.987552359159442,0.00106490381631007,0.00105933833253071,0,0
1.9742679500622,0.986551412934789,0.00105500806313635,0.00105662504427735,0,0
1.97400297254164,0.987511365485319,0.00103816206784917,0.00105046826660596,0,0
1.97598740042524,0.987770784272454,0.00105218769993817,0.00104322648330691,0,0
1.97300679307158,0.984875590577574,0.0010468449634539,0.001052086111864,0,0
1.97350555894517,0.986772663071735,0.00103709150405185,0.00105541745600545,0,0
1.97319956901924,0.986275427652231,0.00106050084330676,0.00105915943706331,0,0
1.97216933544223,0.986490202095552,0.00106179537731928,0.00105921347987069,0,0
1.97351581254313,0.988267546386352,0.00107596235727857,0.00107812150714655,0,0
1.97357359416141,0.985318039969478,0.00106154097297053,0.00106049756040533,0,0
1.97389347614922,0.985338855250532,0.00105170249584435,0.00104584059742037,0,0
1.97347336743005,0.986206246032772,0.00105526659934414,0.00106548265625656,0,0
1.97312106573631,0.988270795295497,0.00104985240473085,0.00105751896156981,0,0
1.9719703439858,0.987495877523643,0.00105661402796733,0.00105906979166132,0,0
1.97110014764531,0.986466650223767,0.00104350823414268,0.00104850325432162,0,0
1.97464616170303,0.987231278364874,0.00103433745639938,0.00103823236919531,0,0
1.9739331152805,0.985537600214468,0.00106155570953423,0.00105901953929283,0,0
1.97513626000574,0.988093552788481,0.00105446377068481,0.00105553813534665,0,0
1.97290332695529,0.987163585125577,0.001045010184638,0.00105170884354078,0,0
1.97418326693878,0.988121926571432,0.00104695516366641,0.00104367655892737,0,0
1.97396326789041,0.988256755706924,0.00104432425544009,0.0010561697210631,0,0
1.97243805058422,0.985801038922512,0.00104244898895566,0.00104298630705265,0,0
1.97443747143357,0.986053881491972,0.00106196581263452,0.00105354889844991,0,0
1.97297705108357,0.986605608484671,0.00106517099584894,0.00105904227345918,0,0
1.97242944478025,0.985271089751524,0.00103799049192607,0.00104638836168313,0,0
1.97217154625693,0.986007544975027,0.00105663998895888,0.0010575127215151,0,0
1.97350247870451,0.984887651120296,0.00106450658311287,0.00105951823340739,0,0
1.97233326283999,0.986585672403007,0.00104604721488493,0.00105374244490598,0,0
1.97409822368628,0.986408026025357,0.00104298778498369,0.00103950831265355,0,0
1.97356557985434,0.986789290325111,0.00105513331657012,0.00106362797306217,0,0
1.97434718219026,0.98564488812373,0.0010512310510067,0.00105699171291016,0,0
1.97368417756751,0.986274753388288,0.00105240775202469,0.00106914703909825,0,0
1.97355671402836,0.985245586243074,0.0010466898154758,0.00105179125000605,0,0
1.97465377752623,0.987636679954012,0.00104625120623885,0.00104919128035834,0,0
1.9736424704215,0.985861116676189,0.00104613712817469,0.00104665433597573,0,0
1.97422451223335,0.986734768693061,0.00105415710474726,0.00105217866730154,0,0
1.97226910256996,0.987637311905848,0.00106891394374025,0.00106821459923567,0,0
1.97140249884533,0.988781281646939,0.00106704752589402,0.0010743523006729,0,0
1.97418657874087,0.986544111663404,0.00105826028356818,0.00107007534924413,0,0
1.97074510130991,0.984438934984025,0.00103115956830745,0.00105479684368839,0,0
1.97374212279686,0.987219320106818,0.00106214581947908,0.00106218630577783,0,0
1.97413668412902,0.987562145134171,0.00107943438953297,0.0010649031515494,0,0
1.97436937514064,0.987165759688597,0.0010490774522062,0.00104925812853886,0,0
1.97391382331973,0.987811211881093,0.00104905527790518,0.0010498500680266,0,0
1.9739472250526,0.984769936058358,0.00104326287115191,0.00105061474092065,0,0
1.97407710351899,0.986112209386061,0.00105438755560151,0.00104919871854306,0,0
1.97223178198084,0.986575440350381,0.00104740892984671,0.00105606425047685,0,0
1.97251559999068,0.986224192668171,0.00104575063170159,0.00105554689268365,0,0
1.9749497821708,0.986475492885924,0.00106475080751558,0.00105794612088406,0,0
1.970117785545,0.987267680717573,0.00106653306523232,0.00107375524679634,0,0
1.97265748800118,0.988491597073942,0.00104388088464397,0.00103557947031997,0,0
1.97268405030543,0.989240533991391,0.00106455283796027,0.00106421112677231,0,0
1.97309629445904,0.986259944800829,0.00105658964592496,0.00105319051677732,0,0
1.97411409893986,0.985826690752302,0.00106444442756478,0.00106156177484617,0,0
1.97321715592342,0.989118721811337,0.0010505626228894,0.00106266641038113,0,0
1.97317286139254,0.986305242793563,0.0010583518133756,0.00105633501969252,0,0
1.97455938233944,0.989700635067251,0.00105984035404981,0.00106458759872126,0,0
1.97465204741874,0.986017434263561,0.00105189292529468,0.00104847172691122,0,0
1.97434425301691,0.987385216903199,0.00104393863872947,0.00105677045202673,0,0
1.97314826096117,0.985993510093032,0.00104085458724993,0.00104370457197575,0,0
1.97489722950255,0.985811808352155,0.00104959763672097,0.00106011419588748,0,0
1.97325920187982,0.988336594373553,0.00105204086601851,0.00106031745996705,0,0
1.97462086151205,0.986982133651741,0.00106317340705727,0.00106218829943036,0,0
1.97339472442173,0.98493880302043,0.00104750204467648,0.00106238572482722,0,0
1.9709007920782,0.988037029109913,0.00105440764803032,0.00107084782872689,0,0
1.97336776605049,0.988684201613674,0.0010579690117299,0.00105888228641154,0,0
1.97334646153643,0.987033561312435,0.00104669548427548,0.0010484207603139,0,0
1.97329152130433,0.986327731093277,0.001057283793596,0.001057565906378,0,0
1.97558630690488,0.984897346541535,0.00104491850789039,0.00104284060323272,0,0
1.9743337039311,0.98772155040776,0.00104594359415732,0.00104620991370859,0,0
1.97294051298421,0.984924895301653,0.00104669479050301,0.00104679851992338,0,0
1.97232468661396,0.986130167703713,0.00104197964868086,0.00104139568359272,0,0
1.9718129216319,0.986603933837855,0.00104165167814862,0.0010556857053811,0,0
1.97450769982941,0.986058904757658,0.00105374593125746,0.00105097543027847,0,0
1.97088621794805,0.986917353790311,0.00106245387027102,0.0010554779902385,0,0
1.97222308590312,0.985648355666862,0.00105650038293802,0.00105048338861348,0,0
1.97347116856281,0.985751704204402,0.00105960839696818,0.00105499367865494,0,0
1.97519319227011,0.98568717611135,0.00106374956314903,0.0010672083162604,0,0
1.97257504398449,0.988413870090902,0.00104029497868357,0.00106052464846978,0,0
1.97093463736577,0.985016175028086,0.00105861140541916,0.00104618430536057,0,0
1.97387106678391,0.986165661324725,0.00106888530134655,0.00106565643200794,0,0
1.9750379169613,0.98691734531671,0.00104105449987693,0.00105125214851969,0,0
1.97311478432495,0.988731010264808,0.00104393382379074,0.00105830106096213,0,0
1.97419685419684,0.986814984269023,0.00104786108155662,0.00105013480178952,0,0
1.97435513952223,0.984523898789866,0.00106650411971919,0.00105609286588244,0,0
1.97282885439099,0.985870778478597,0.00105248029622076,0.00104521551162261,0,0
1.97303009327987,0.988099331659815,0.00105830757630644,0.00105310763239216,0,0
1.97095457826925,0.986803050930632,0.00106042033348938,0.00106013474512625,0,0
1.97286463305673,0.986303500393089,0.00106717361940803,0.00105365524490313,0,0
1.97434667567206,0.986460607874901,0.00105465933398893,0.0010451792637626,0,0
1.97352468413977,0.987675898613711,0.00106448096314812,0.00106271697618647,0,0
1.97170227287287,0.988669339804409,0.001062329259709,0.00105630270340116,0,0
1.97464870280333,0.98729496944278,0.00105128796036659,0.00106009096975238,0,0
1.97324690316847,0.985809858850223,0.00105726813805065,0.0010505153604875,0,0
1.97595368265555,0.988267111164138,0.00106801277305768,0.00107299407757013,0,0
1.97335063515812,0.986224259315603,0.00105654779558422,0.00105769522329657,0,0
1.97608929272186,0.985293661498887,0.0010474648819385,0.0010467346968567,0,0
1.97385307735262,0.986181722207238,0.00105504825499418,0.00105527134836396,0,0
1.97284081976086,0.986930901158815,0.00106735555524754,0.00105517524053113,0,0
1.97366239657423,0.985709273240022,0.00104447852378013,0.00104568680293454,0,0
1.97392202040327,0.985980207706108,0.00104917178658654,0.00104912158991216,0,0
1.97460784519563,0.986724652972162,0.00105318708208498,0.00106303534686713,0,0
1.97343954031081,0.986619271413676,0.00107409457533629,0.00105134447161603,0,0
1.97324191163336,0.986085390097626,0.00105370035419544,0.001052582097825,0,0
1.97423436520363,0.986890281005433,0.00106522365029353,0.00104389556984909,0,0
1.97321870706721,0.988215689459894,0.00105573970636475,0.00105121101922741,0,0
1.97406537892344,0.987432598405713,0.00105705294526329,0.00104654122459664,0,0
1.9746285211066,0.986459905456846,0.00104258614438477,0.00104479437606013,0,0
1.97204496515995,0.985820252242483,0.00106469418134995,0.00106443329212316,0,0
1.97289388136867,0.985717285211973,0.00105200748897166,0.00105263994566219,0,0
1.97229428268513,0.986205828925535,0.00105995648532971,0.00104796426052259,0,0
1.97327085186248,0.985701761768837,0.00104698437613478,0.00105390781357033,0,0
1.97353155875882,0.988939825479782,0.00105004469347449,0.00105244953899706,0,0
1.97307547969915,0.987296593744327,0.0010383552753366,0.00105062798702487,0,0
1.97234273675266,0.986719066317183,0.00108106774366344,0.00106790839334929,0,0
1.97521316490074,0.986274385801156,0.00105467920745798,0.00106315619078614,0,0
1.97390753634353,0.986981193530433,0.00106525152384348,0.00105323811678859,0,0
1.97298812000764,0.98733234227287,0.00105521133727233,0.00104157441171699,0,0
1.97490100271648,0.987038122149419,0.00104898430248422,0.00105103112420531,0,0
1.9725421634333,0.98746678651469,0.00105799931611552,0.00106433904553004,0,0
1.97291935304849,0.987048450416275,0.00106630561537778,0.00107219635623754,0,0
1.97358143502966,0.98416750699442,0.00105519042034952,0.00105529523040408,0,0
1.97502546011715,0.987836443359457,0.00105745338342031,0.00106000975887488,0,0
1.97315971142601,0.98594504797971,0.00105116358434319,0.00104906384063925,0,0
1.9720875954929,0.985918489549907,0.00105506056857944,0.0010416391306723,0,0
1.9750723101994,0.98730711062488,0.00104901412529074,0.00105661354704869,0,0
1.9732236497114,0.986102413637233,0.00104952574904644,0.0010692586876389,0,0
1.97273249151927,0.988291657766537,0.00106286564693368,0.00107517882960704,0,0
1.97300892318661,0.986001150383195,0.00106799304514988,0.00106124470946099,0,0
1.97414901303104,0.987375082413278,0.00107022768375187,0.00107446352720266,0,0
1.97538167610592,0.988366746220191,0.00106683300128042,0.0010580702489157,0,0
1.97267811059033,0.986789485044475,0.00104539787945038,0.00105182459931839,0,0
1.97369733440711,0.985361540923221,0.00103213416151663,0.0010432298542896,0,0
1.97143837642983,0.987357669055914,0.00105161237793398,0.00105344885321804,0,0
1.97459930643158,0.986761848090917,0.00106093711640778,0.00106258602625261,0,0
1.97503219068761,0.987426061281898,0.00105603952247968,0.00107281278763303,0,0
1.97229290428725,0.986626457028899,0.00106401427607139,0.00104613282716862,0,0
1.97328310705742,0.986524082114436,0.00105566810430482,0.00106166753523848,0,0
1.97347785057714,0.986696811592612,0.00104541077955268,0.0010547962664623,0,0
1.97287568150744,0.986802793460986,0.00106021880457079,0.00106587428807648,0,0
1.97213675002024,0.985178018666858,0.00104792310184295,0.00104839291705896,0,0
1.97333596847229,0.986281549698735,0.00106409463106726,0.00106440359171471,0,0
1.97399891735352,0.987206071503319,0.00106724421588814,0.00106320733183404,0,0
1.97128561600954,0.985878816155974,0.00104410792443686,0.00104216532878822,0,0
1.97361832634901,0.988324900605922,0.00105875829501621,0.00104895562921257,0,0
1.97409495395259,0.986946557338064,0.00107289471386987,0.00104357070662203,0,0
1.9742000443966,0.987069174953302,0.00105000575929093,0.00105900864619679,0,0
1.97372434916774,0.984690216906278,0.00105333146145782,0.00104724181101336,0,0
1.97526677129138,0.986346244829773,0.00105663370925598,0.00105933886893747,0,0
1.9730645396913,0.987258576656654,0.00106344681896348,0.00106555265731869,0,0
1.97369021307766,0.988166625068133,0.00104599811521979,0.00105207649496964,0,0
1.97329165030929,0.984959919002086,0.00105026120408057,0.00104032073282764,0,0
1.97229185705156,0.984659167096052,0.00104628192894308,0.0010361402736763,0,0
1.97309978783893,0.987783565947718,0.00104882636456007,0.00105209089062559,0,0
1.97149696446089,0.987196914294509,0.00106084864364386,0.00106680817826814,0,0
1.97459493088504,0.98785549067622,0.00104603065628966,0.00105206564150705,0,0
1.97363959996067,0.983898469998515,0.00104839754102165,0.00105832957897062,0,0
1.973951295965,0.986893539345347,0.00106216190535956,0.00105503731346797,0,0
1.97330990659177,0.985935816924172,0.00105854299206237,0.00105032628238587,0,0
1.97060603614941,0.985555410212728,0.00104883282076289,0.00104717784442088,0,0
1.97380828266237,0.989276490095702,0.00103560105247818,0.00104297517560551,0,0
1.97136217993898,0.986433256451112,0.00105221170935669,0.00105843440682855,0,0
1.97418664409199,0.986124648894687,0.0010548434572861,0.00105989319891179,0,0
1.97114054632103,0.98771068159354,0.00105163908110512,0.00104832654408462,0,0
1.97418823876989,0.986115730090904,0.00104892980943931,0.00106418437924593,0,0
1.97404993713597,0.985741791636658,0.0010584547038649,0.0010524544535043,0,0
1.97259379773771,0.987963841404616,0.00106989583130337,0.00106803486482993,0,0
1.97308209040461,0.986046020545935,0.0010582967243409,0.00106363077007065,0,0
1.97305889295747,0.987582777211036,0.00105160333346964,0.00106635068186707,0,0
1.97411636304954,0.98681370041932,0.00104948671242633,0.00105075400059467,0,0
1.97451927206877,0.984133735088836,0.00105414040177355,0.00106284606370454,0,0
1.9737440349403,0.985085980359429,0.00103821640692188,0.00104919607877586,0,0
1.97296409829084,0.986003328621526,0.00106674631751087,0.00104780000859256,0,0
1.97411695648168,0.986793572139388,0.00105581092167968,0.00107236963324997,0,0
1.97315052687958,0.986625363971156,0.00104313387951534,0.00105333609613585,0,0
1.97238676284742,0.986128786044873,0.00106443367900965,0.00104919707019044,0,0
1.97198333730567,0.985270018859764,0.00105804128852192,0.00106311515124833,0,0
1.97337078113029,0.98759057119787,0.00104575167181302,0.00105795445097659,0,0
1.97380239929225,0.985814676753917,0.00103351869199522,0.00104680258474728,0,0
1.97402769487477,0.986876984404139,0.00105534397815405,0.00104964385003363,0,0
1.9727010587438,0.988729623135397,0.0010591498844003,0.00105051774759584,0,0
1.97771944793891,0.987194710361241,0.00103382939872209,0.00104477953535288,0,0
1.97392725772096,0.988499175127193,0.0010460091819658,0.00105797715926211,0,0
1.97340271766395,0.986967108441666,0.00104952863771893,0.00104969499106281,0,0
1.9736558871503,0.985540251720715,0.0010575229664309,0.00105481738039082,0,0
1.97410640784738,0.985909723813031,0.00104672348108267,0.0010545667481066,0,0
1.97526086258303,0.986963518100716,0.001050623106107,0.00105398467406378,0,0
1.97175743344133,0.98454058144978,0.00104464710100305,0.00106334179715801,0,0
1.970010220642,0.987733868186483,0.00106554778641057,0.00105766478569547,0,0
1.97294727505778,0.984706839753424,0.00106006989727494,0.00105708400829962,0,0
1.9729330182333,0.988514246609228,0.00105053193493875,0.00105742317859844,0,0
1.97407413999116,0.987121440121572,0.00105065963804582,0.00105158808603571,0,0
1.97489472020772,0.986293231126729,0.0010605561588101,0.00105321937675651,0,0
1.97412240207053,0.986826969378104,0.00103479605082842,0.00104350275380172,0,0
1.97328256540549,0.985845810736279,0.0010512995973961,0.00104368852595122,0,0
1.97197224788912,0.987032265955423,0.00105103706766584,0.00106167980332239,0,0
1.9738391757884,0.984614848259671,0.00105043407234511,0.00104922197094703,0,0
1.97323706614653,0.986075915097245,0.00104522735482032,0.0010476806543912,0,0
1.97392372472391,0.986002327953748,0.00104585406339978,0.00105425004001127,0,0
1.9717079171254,0.985677530342387,0.00104461430438464,0.00104938585115852,0,0
1.9731563510421,0.985305246987688,0.00106772295997124,0.00105920142006327,0,0
1.97097454924201,0.986317892423661,0.0010490922050768,0.00105145829923166,0,0
1.97425292243974,0.986446566491584,0.00105319496974304,0.0010464033560508,0,0
1.9750186442838,0.986018059758507,0.00106124717582461,0.00105376422685465,0,0
1.97413903247449,0.986098171713454,0.00105077906646951,0.00104127977843496,0,0
1.97125696098395,0.984506455211599,0.00104010184924778,0.00105753652026935,0,0
1.97266862572023,0.987907925213797,0.0010489450982878,0.00105244957396192,0,0
1.97297997196752,0.988084027718818,0.00105776158265878,0.00104828836918267,0,0
1.97445914385757,0.988112148120481,0.00105103200171673,0.00105435920472594,0,0
1.97317160188298,0.987913378974996,0.00104490826086672,0.00105651092580831,0,0
1.97346372854183,0.985807143704353,0.00106620992726292,0.00106153168070871,0,0
1.9755956056878,0.987029221405995,0.00106432399050332,0.00104962568741714,0,0
1.97468390375852,0.987344758731533,0.00106234727348919,0.00105011129905033,0,0
1.97440786493358,0.986590439371124,0.001057474422569,0.00103180269918951,0,0
1.97544140148138,0.986791659326538,0.00104247440036242,0.00104096304116692,0,0
1.97317666535403,0.986971174234497,0.00107599395566999,0.00106249017025248,0,0
1.97176386286224,0.985555565211027,0.00105126148171811,0.00104888252729386,0,0
1.9743077420541,0.987361863617141,0.00104213774982472,0.00102941074812324,0,0
1.97223558108984,0.984209403879555,0.00107030318923996,0.00106100298289911,0,0
1.97190920581191,0.987224628522273,0.00104461715646112,0.00104220999186875,0,0
1.9743442747184,0.987343905584877,0.00105054189159301,0.00106092441620583,0,0
1.97356961182885,0.988248530628063,0.00106084996100483,0.0010667279056688,0,0
1.97209684413288,0.985951667835007,0.00104301564712902,0.00105283326380943,0,0
1.97253499286286,0.988122077713407,0.00104965771244443,0.00105347915795081,0,0
1.97149911418965,0.986291241959526,0.00105215467713308,0.00106231802233889,0,0
1.97340999110782,0.987980370215084,0.00104668156654612,0.0010523092164341,0,0
1.97455674462633,0.985791367076063,0.00105243965168732,0.00105134374694845,0,0
1.97270812816507,0.986252367426231,0.00104717080069743,0.00103850499112772,0,0
1.97208125516019,0.984668429228936,0.00105424427709973,0.00103927763047822,0,0
1.97334254281742,0.987557866527693,0.00107269317857785,0.00107037941310594,0,0
1.97395328424814,0.987251206528241,0.00107664284547125,0.00106267515546793,0,0
1.97516279586124,0.98921556444128,0.0010593578575296,0.00105534493794167,0,0
1.97266050444536,0.985730923399135,0.00106449702664189,0.00105537530270894,0,0
1.97243621508052,0.986226617522637,0.00106068223577833,0.00105817597189131,0,0
1.97250758191177,0.987274368516921,0.00105463950552863,0.00104734808915608,0,0
1.97319399918568,0.986314776361474,0.00106255513720662,0.00105873447131608,0,0
1.97287949144727,0.986605028462934,0.00104766081245429,0.00105233441330781,0,0
1.97227648946896,0.987633562611977,0.00105081400180365,0.00104880237040416,0,0
1.97227423341229,0.986105685970204,0.00103841152046835,0.00105684592418463,0,0
1.97305012540281,0.988117994499679,0.00106444794773609,0.00104607577460812,0,0
1.97541202529766,0.987772248224477,0.00106060668809585,0.00105854700157862,0,0
1.97350653208589,0.986118899430678,0.00106020901726395,0.0010582931163355,0,0
1.97555318663757,0.987638272083062,0.00106683146448206,0.00106316466135789,0,0
1.9745543905288,0.986535697496683,0.00105433441621681,0.00105268290725935,0,0
1.97258485554066,0.986635299019121,0.00104936604758312,0.00104943003770647,0,0
1.973312745234,0.986010609286404,0.00106312824609466,0.00105079062579055,0,0
1.97441736479974,0.987741253637699,0.00105177299556867,0.00105013765991695,0,0
1.97343494822592,0.986421845720362,0.00105358469652867,0.00104879769958633,0,0
1.97307108716434,0.986201721431648,0.00104856077434876,0.00105090395845591,0,0
1.97455843799277,0.987013952710827,0.00106656272717374,0.0010703028010662,0,0
1.9731208422789,0.987812770713584,0.00105546314414373,0.00105326119013176,0,0
1.97584579969508,0.986228728315571,0.00104935629179554,0.00105505186083817,0,0
1.97556297318005,0.985083913881271,0.00106341828862773,0.00106148180688711,0,0
1.97395629571329,0.987109929278475,0.00105273481776903,0.00105332268974711,0,0
1.97213076319112,0.98659799468777,0.00104799024830121,0.00105009529540046,0,0
1.97410706402708,0.986100777137074,0.00105321640169588,0.00105084659343139,0,0
1.97404678836135,0.98614862010384,0.00106039340449474,0.00107164938969309,0,0
1.97394881385533,0.988398674682054,0.00106434290940142,0.00105212264093853,0,0
1.97496783732956,0.986645107159069,0.00104873996776234,0.00105164089550418,0,0
1.97388688848349,0.986541756220668,0.00106862431191191,0.00107264636169547,0,0
1.97223802318715,0.987564288296882,0.00105174339859577,0.00104541311439824,0,0
1.97349034193814,0.985719992355813,0.00105079434518636,0.00104697367046219,0,0
1.97469882721604,0.987489715674285,0.00105694167381121,0.00105582652885066,0,0
1.97381626378557,0.987841062628145,0.00104767808717881,0.00105632704305401,0,0
1.97120616056143,0.984788745351693,0.0010561228268286,0.00106033217895584,0,0
1.97489391114442,0.988006343103977,0.00105095398137584,0.00104592944454777,0,0
1.97216990738604,0.986215278030493,0.00104408373944759,0.0010410139747137,0,0
1.97475678458134,0.987872652928876,0.00105967174890616,0.00105242431454581,0,0
1.97546168391631,0.987821061250398,0.00105322625191144,0.0010568978104335,0,0
1.97349420110022,0.986999586779564,0.00105546144922621,0.00104601056458237,0,0
1.97212679188291,0.984705543917577,0.0010538222871363,0.00104745306771141,0,0
1.9737414857959,0.987482660932984,0.00104820751407479,0.0010580809467986,0,0
1.97357512666481,0.985756363649289,0.00105248115558033,0.00104973955238348,0,0
1.9725659980285,0.985341215802736,0.00105032960814896,0.00105254861885965,0,0
1.97187563588644,0.984604452818728,0.00106337939767437,0.00104876046301112,0,0
1.97461166695901,0.98603663213003,0.00105244660755259,0.00104174008221317,0,0
1.97369601153002,0.984624510884452,0.00105362918102819,0.00106162892216277,0,0
1.97357298484783,0.986926519447132,0.00104816599213165,0.00105371639769889,0,0
1.97320694592533,0.987284965571252,0.0010508573574072,0.00106555403193438,0,0
1.97097654283929,0.987070725974536,0.00104293753780182,0.00105848488067762,0,0
1.972473976563,0.98831251506465,0.00106062033496576,0.00105413349776283,0,0
1.97535296445275,0.98587827625909,0.00105667936825987,0.00106264428659401,0,0
1.97453238476145,0.988916467005284,0.00103927163109001,0.00105315260385186,0,0
1.9701266444995,0.986488369087087,0.00105604063817894,0.00105873159643471,0,0
1.97359779769169,0.983891759070934,0.00104685028711002,0.00104988343874719,0,0
1.97204664933717,0.985815567747231,0.0010558310547237,0.00105540124367374,0,0
1.97314869885699,0.986133057721808,0.00104918723975847,0.00104738607565166,0,0
1.97425325448005,0.987287791599253,0.00105759319453844,0.00105209985901495,0,0
1.97472024844085,0.988684307822248,0.00106038407649703,0.00105944231876486,0,0
1.97232055952488,0.986872854069269,0.00106766566506338,0.00106918205016073,0,0
1.97337722236801,0.986829933554581,0.00105596032900498,0.0010484967004887,0,0
1.97346032313773,0.985350718017407,0.0010411973294921,0.00103678056958728,0,0
1.97161586128114,0.988070657463467,0.00106680086750735,0.00105648597835298,0,0
1.97435233779104,0.987697868191528,0.00104078991553585,0.00105279443754358,0,0
1.97307428924833,0.986303680941247,0.0010319008395675,0.00103579468249612,0,0
1.97173286139746,0.987496287029564,0.0010496272107409,0.00105331407854086,0,0
1.97465466432309,0.988872675783406,0.00105576543766898,0.00105042178500862,0,0
1.97359632951077,0.984081882768995,0.00105483960570031,0.00105706848672848,0,0
1.97557678669863,0.98877146665888,0.00105266911850161,0.00105116007416013,0,0
1.97384010253153,0.987759156457571,0.00106339902019748,0.00105937729821164,0,0
1.97254722259694,0.989379802071977,0.00106305489605596,0.00105814782672862,0,0
1.97165867383859,0.986306506135464,0.00106259620513158,0.00105086518169312,0,0
1.97270925329408,0.986773328710721,0.00104875433424717,0.00105672276741993,0,0
1.97455456487776,0.987093852110086,0.00104709679992991,0.00105693657730696,0,0
1.97412285756613,0.986332090231665,0.00104976172133785,0.00105887242298438,0,0
1.97345055769717,0.985778322855408,0.00104559428223168,0.00104525845003599,0,0
1.97232730823249,0.986773289390883,0.0010780844354612,0.0010722869917521,0,0
1.97285173697997,0.986357797799588,0.00106371649107083,0.00106179268075686,0,0
1.97047961983483,0.986812361299165,0.00104870778251888,0.00105269717491843,0,0
1.97375133525765,0.986952034193259,0.00104357899785571,0.00105250094389523,0,0
1.9733091092397,0.985826849585735,0.00105204032381247,0.00105214342958062,0,0
1.97498559236251,0.989045159860294,0.00105068175963012,0.00105657975159267,0,0
1.97269065148078,0.986386026003691,0.00104840134162763,0.00104442603390064,0,0
1.97557620592307,0.986576058843575,0.00105790858568093,0.00106288687971917,0,0
1.97403622559958,0.985082987238751,0.00104450047364568,0.00104974872597619,0,0
1.9711904678905,0.985824858656281,0.00106521866223538,0.00106749268639109,0,0
1.97502407232154,0.986475510565271,0.00105767358820839,0.00106765542602339,0,0
1.97316158313488,0.986945777542852,0.00104526359426685,0.00103844842626392,0,0
1.97378142492879,0.98643322029798,0.00104528266555989,0.0010648967158345,0,0
1.97160833016977,0.988860179154601,0.00105274586249764,0.00103810874124863,0,0
1.97558111291249,0.986631199518438,0.00105362517592133,0.0010456321209755,0,0
1.97390853723017,0.98637010279126,0.00106295915448065,0.00106897033147895,0,0
1.97454606656707,0.986955611048431,0.00105224344709182,0.00104523134142703,0,0
1.97366531916862,0.985959392786797,0.00106084262899282,0.0010613983435849,0,0
1.9732478818418,0.9871905726192,0.00106239816285933,0.0010529254214149,0,0
1.97319731185325,0.985896112988105,0.00105633803319533,0.0010506465814674,0,0
1.97326170814583,0.98879586892729,0.00105260314598245,0.00103660814933996,0,0
1.97307250705881,0.985456205812754,0.00104509990973335,0.0010485004664651,0,0
1.97228208363544,0.986972593907946,0.00105418004581151,0.00106138316225417,0,0
1.97432937659487,0.987245416709593,0.00107054768797901,0.00106285011123457,0,0
1.97381608608813,0.986670030354536,0.00106143451104859,0.00105773748287692,0,0
1.97190400073334,0.987732803729024,0.00104054464541293,0.00105168106718546,0,0
1.97522137136918,0.98594881954803,0.00105117916849511,0.00105245618854602,0,0
1.97412521277286,0.986178371481645,0.00106210943584371,0.00104547791031484,0,0
1.97277401137224,0.987853892437886,0.00104080359785445,0.00105288587903673,0,0
1.97243888541992,0.985736337519624,0.00107461221575951,0.00106421774405713,0,0
1.9732210066824,0.987784408613012,0.00104737870243198,0.00104731357614562,0,0
1.97061163469969,0.98628648329575,0.00104693377727394,0.00104833064986836,0,0
1.97273954509119,0.987796942176077,0.00105324907395584,0.0010611738392588,0,0
1.97224124372395,0.987059559974177,0.0010653302391327,0.00106409211749239,0,0
1.97305409166478,0.986262725663017,0.00107126513274245,0.00106924802617947,0,0
1.97117201063021,0.987377570899544,0.00105914438980268,0.00105059480935374,0,0
1.97215767914942,0.98618200629838,0.00106612078420865,0.00106144022813065,0,0
1.97486620287746,0.985299648592785,0.00104394611127685,0.00104374676986092,0,0
1.97441027041535,0.988120575658773,0.00105993159879174,0.00105859065247727,0,0
1.97264060279787,0.986917031526631,0.0010466690435563,0.00105627987446582,0,0
1.97286127472103,0.98479250123846,0.0010694092914313,0.00106404226161007,0,0
1.9742296475527,0.986591529550982,0.00105992539915232,0.00106276789906831,0,0
1.97366913783815,0.985088458674948,0.00104058501418317,0.00104089143302368,0,0
1.97379261072665,0.988763995496151,0.00107254630926895,0.00107502960619943,0,0
1.97409495463498,0.987464553460806,0.0010623715633047,0.00107122589329865,0,0
1.97435927357104,0.987314972802861,0.00106210373351339,0.0010548065431286,0,0
1.9718905111365,0.988576870068863,0.00106005628449644,0.00106217684714363,0,0
1.97324218586831,0.988219512616439,0.00104290376703129,0.00105047488840506,0,0
1.97690968170259,0.987499243934387,0.00103544844523556,0.00104826468747309,0,0
1.97517201279802,0.985467912335871,0.00105169214139285,0.00105055212410208,0,0
1.97362800780697,0.98627202678517,0.00105665506693248,0.00104748425439118,0,0
1.97259816863626,0.987420921095584,0.00104685584872568,0.00105241390605631,0,0
1.97351010003656,0.989064140099851,0.0010640372519755,0.00104321625968706,0,0
1.97302844061339,0.986246335279628,0.00105734047977632,0.00105197577242309,0,0
1.97117118595911,0.986790533760121,0.00105675985164463,0.00106167281788725,0,0
1.97259184992299,0.984670735866722,0.00105356968395557,0.00104396671845181,0,0
1.97435665607236,0.987098243248407,0.00105960934959724,0.00105480712978574,0,0
1.97254966794127,0.98723075233302,0.00104204670535793,0.00104210306755893,0,0
1.97266625650861,0.985952785745623,0.00105475422150451,0.00106205165741434,0,0
1.97156155744734,0.987373044003981,0.00105272074279443,0.00105286534990534,0,0
1.97413696256654,0.987182512509728,0.00105983722112708,0.00106736377133728,0,0
1.97357655440879,0.988057014575994,0.00104366122571935,0.00105178545448825,0,0
1.9749651585585,0.989374785702274,0.00105029111900674,0.00105166215913119,0,0
1.9736729500548,0.985019310826355,0.00107306002341962,0.00106178164189341,0,0
1.97329332216591,0.986487697343514,0.00105760257559941,0.00106188265432397,0,0
1.97191830009392,0.985945492182703,0.00105799942599553,0.00106016836437287,0,0
1.97327765740698,0.985109998826707,0.00104510267681784,0.0010506291054343,0,0
1.97456663805954,0.986153749338635,0.00105055746348564,0.00105673275565583,0,0
1.97470320441577,0.987638565529462,0.00107050434375952,0.00106358356037429,0,0
1.97338440619785,0.987313213058204,0.00105688948256913,0.00105047755048417,0,0
1.97374291276151,0.987333578035625,0.00105520384554036,0.00105070956299854,0,0
1.97160429910212,0.987755228715672,0.00105507762250209,0.00105088671863553,0,0
1.97433665386285,0.986948670453522,0.00105414263579154,0.00105283574967645,0,0
1.97310105889098,0.988429930314758,0.00105069788933881,0.00105765708684433,0,0
1.97512408733681,0.987090581785109,0.00105001690905217,0.00105161922760139,0,0
1.97417126187701,0.987303431287173,0.00105661445337251,0.00105660678254759,0,0
1.97435834932844,0.986357554100446,0.00104954743748427,0.00105493312742873,0,0
1.97489519839254,0.988418939499997,0.00105225308622697,0.00105517479823508,0,0
1.97378687971015,0.985966539845015,0.00104141345586061,0.00104297389869252,0,0
1.97423067822622,0.986430464466494,0.00104396061665873,0.00104742275593059,0,0
1.97460828964203,0.986819290955794,0.0010546004544618,0.00106164588328053,0,0
1.97294640507694,0.984578564968053,0.00105802420340454,0.00104961484259531,0,0
1.97283607625756,0.985587504156885,0.00105011098558995,0.00104813238381896,0,0
1.97344305754719,0.984795979736838,0.00105737385311242,0.00105931838830304,0,0
1.97216637078425,0.987686211329629,0.00104531519488422,0.00105386408245581,0,0
1.97267688912662,0.98620710341646,0.00106274150574805,0.00106169377227832,0,0
1.97371420857615,0.986660462141689,0.0010522360559569,0.00105547494197139,0,0
1.97183772104273,0.983937431643085,0.00104454523799714,0.00104880412335682,0,0
1.97463761956782,0.986275798327776,0.00104997411736514,0.00105342072304085,0,0
1.97445490192758,0.98777779517622,0.00105582801761645,0.00104639618900673,0,0
1.97238843049793,0.987290700002643,0.00106987133100514,0.00107184948420815,0,0
1.97435729377119,0.985086412539209,0.001052013990186,0.00106053985711871,0,0
1.97418426124376,0.985778407645057,0.001057244066488,0.00105230976889112,0,0
1.97363000569251,0.985214566204595,0.00107418590885472,0.00105930660726721,0,0
1.97318072761476,0.986943147269927,0.00103560566057281,0.00105057603253489,0,0
1.972663158417,0.98669136943045,0.00105549943289899,0.00105587363404152,0,0
1.97541801205229,0.988983136341415,0.00105204841739485,0.00106421936302437,0,0
1.97154928554051,0.985624571467384,0.00106405683430886,0.00105102674135918,0,0
1.9756126254462,0.988242279395369,0.00104553880482048,0.00104799548219999,0,0
1.97537723239426,0.987221801740735,0.00106401418951,0.00105432691475054,0,0
1.97429076456752,0.98472565674892,0.00107483882445622,0.00106054796660301,0,0
1.97322287780412,0.986828019779414,0.00105346154982998,0.00105609247485065,0,0
1.97358349372588,0.986033108985348,0.00104910122509018,0.00104577961296797,0,0
1.97430756408854,0.98892975368742,0.00106935733081185,0.00106155473177522,0,0
1.9722415464407,0.985258847019129,0.00106107892914581,0.00106669119868994,0,0
1.97426112913758,0.986208803054784,0.00104725004293689,0.00106375420244917,0,0
1.97575663871786,0.987686752437545,0.00105672988743048,0.00105208561452222,0,0
1.97500101499625,0.986270581207921,0.00106729083752369,0.00105025636750575,0,0
1.97250819945924,0.985390405784392,0.00104428351022192,0.0010438145942757,0,0
1.97249239700648,0.984794667625981,0.00105811438804319,0.00105572672792815,0,0
1.97449104937138,0.988854605366651,0.001053957411679,0.00105628716556106,0,0
1.97317846637049,0.986309660871333,0.00105229888269076,0.0010532073360165,0,0
1.97238059426127,0.987534622011446,0.00104883373062433,0.00105257810293422,0,0
1.97257314774668,0.9877505637687,0.00104305456953354,0.00105674714394672,0,0
1.97278384539073,0.987451192714562,0.00103988740143761,0.00104220551877121,0,0
1.97516227494371,0.986214424232669,0.00105777916483189,0.00105904220607435,0,0
1.97284624882462,0.986205599259946,0.00104903040391326,0.00105506552103224,0,0
1.97268345472908,0.987878301531115,0.00106208853992372,0.0010648166963372,0,0
1.97534003226622,0.98686238419094,0.00105093942211361,0.00105123481592427,0,0
1.97243645237096,0.985098043055403,0.00105646674891674,0.00105913587634823,0,0
1.97339587004487,0.987870319953206,0.00104273922276468,0.001040763187133,0,0
1.97242515335433,0.986855159634691,0.00106077630734609,0.00107267288600553,0,0
1.97122943454124,0.985132306909701,0.00105007356414452,0.00105423531459498,0,0
1.97271233184577,0.985789257600615,0.00104739703737276,0.00106544601323544,0,0
1.97381098816626,0.987169274029689,0.00105869693994821,0.00105881124993266,0,0
1.97338702140606,0.985810453293884,0.00105719442666734,0.00105338342662446,0,0
1.9744057927523,0.986240985109398,0.00105949182804216,0.00105489837034442,0,0
1.97279431401495,0.986565219061275,0.00105303403967587,0.00105543570125325,0,0
1.97524015540819,0.987679568921926,0.00104852587840274,0.00103828140017404,0,0
1.97309300397896,0.986799834171052,0.00105191919706412,0.00105070583435021,0,0
1.97334544384749,0.986151835721331,0.00104727488012135,0.00105658421194466,0,0
1.97201985701845,0.986288998991969,0.00106415943126866,0.00105832707228844,0,0
1.97346801508017,0.986234152052669,0.00106769808413373,0.00106708483109236,0,0
1.97321997376529,0.985419798975183,0.00104344863743961,0.00104539518776809,0,0
1.97532838668207,0.98729065012969,0.00105155550554514,0.00103850417987393,0,0
1.97315279201263,0.985741347212849,0.00104903156132246,0.00104494113924085,0,0
1.97493164500216,0.98802875944351,0.00104427024996989,0.00104766340357453,0,0
1.97475494910272,0.98871558351454,0.00104477544076432,0.0010525972385185,0,0
1.97079460660675,0.98690075884735,0.00106170770540802,0.00106914673703625,0,0
1.97056918754989,0.986827772564185,0.00104872424718066,0.00105087229345807,0,0
1.97505663124825,0.988071740454925,0.00103481299563228,0.0010397283494497,0,0
1.97394181517685,0.985717107853351,0.00106427712599385,0.00105640909921934,0,0
1.97158509188458,0.985264203617439,0.00104936682671883,0.00105359243835749,0,0
1.97280542349519,0.986206667774366,0.00104148113713915,0.00104019710191349,0,0
1.97409725451412,0.987682486820284,0.00104125848722652,0.00104729965103974,0,0
1.97351419958208,0.98785515071115,0.00105196472571046,0.00104926919272844,0,0
1.97111684273952,0.986492598170199,0.00103786261561682,0.00105436373950083,0,0
1.97140575767839,0.985831520589197,0.00104260852861692,0.00104866105732196,0,0
1.9738920780233,0.985180658891473,0.00106038530476223,0.00106072257881101,0,0
1.97324786098407,0.985905694002295,0.00104971909499377,0.00105112668383262,0,0
1.97413846003648,0.986096207946245,0.00105347695352296,0.0010731201367456,0,0
1.97232637037355,0.987048889987898,0.00105317331506871,0.00105269718723102,0,0
1.97302993077228,0.987560402192241,0.00104663925525237,0.00104425975745463,0,0
1.97412046284028,0.98699890992702,0.00105251424640454,0.00105844164746862,0,0
1.97450542129335,0.985216374644799,0.00105451901003048,0.00105605722771112,0,0
1.97377761634711,0.988644924356815,0.00106270926603643,0.00105701407451598,0,0
1.97326289960938,0.98621854102838,0.00104426035253968,0.00105448994499995,0,0
1.97245138786656,0.986775261765791,0.00105677575707742,0.00106127670521708,0,0
1.97361027429995,0.984849526894359,0.00106790969613473,0.00105330721233211,0,0
1.97145418305432,0.985767024097542,0.00105911801265234,0.00106020511634283,0,0
1.9712671605543,0.987098500866645,0.00103807995267591,0.00104900055628184,0,0
1.97415688735541,0.987625469281543,0.00105826859754911,0.00104865332780826,0,0
1.97292256197885,0.987810890998429,0.00106014092637183,0.00105760577501547,0,0
1.97158553600227,0.984469324765326,0.00104595168433625,0.00106520310610233,0,0
1.97305095641584,0.988209040158106,0.00105865582345198,0.00105037217444553,0,0
1.97324622011325,0.987934601434877,0.00105350460143076,0.00105346190500855,0,0
1.97390647566823,0.986562521158423,0.00104465804314345,0.00104520980763425,0,0
1.974923518295,0.984002972102164,0.00105550478948445,0.00105414678872671,0,0
1.97346388214461,0.986949775288358,0.0010548391312662,0.00105530050699408,0,0
1.97391936479515,0.988025862352858,0.00104428747703108,0.00104885936701037,0,0
1.97409693914904,0.986784238722549,0.00105982067150957,0.00105483105135573,0,0
1.97267383652031,0.988263238195924,0.001066066507652,0.00106534600964703,0,0
1.97229023248851,0.98665596227696,0.00106439048205439,0.00105899359167228,0,0
1.9752673488671,0.986331466113903,0.00104942490155362,0.00105439300420494,0,0
1.97429831313515,0.986845827344449,0.0010578305888461,0.00106231392884709,0,0
1.97431296065903,0.985940251552474,0.0010556946705386,0.00105856253502453,0,0
1.97324312791585,0.986448228428525,0.00106569436668827,0.00107162074736473,0,0
1.9746966815812,0.98677323412259,0.00105239721386217,0.00104970444783241,0,0
1.9734731272469,0.985372894710096,0.00106199229350077,0.00104092378408942,0,0
1.97323926522096,0.98730122427903,0.00103601122826592,0.00103210818730767,0,0
1.97472297403577,0.986788788240664,0.00105658561360917,0.00104667335712592,0,0
1.97201998458851,0.988537112053453,0.00105317632571692,0.00105960039673844,0,0
1.97195230644049,0.987544136368766,0.00104856563536892,0.00105880841632267,0,0
1.97221286212495,0.985592518790657,0.00104211569699635,0.00106172957184364,0,0
1.97288627398319,0.987779782150959,0.00105777071870342,0.00106379434572582,0,0
1.97520626594516,0.98738780035752,0.00103999554107721,0.00104104094424614,0,0
1.97266271962101,0.984623534377782,0.00104017284671746,0.00104899877661987,0,0
1.97408448891946,0.986063787295529,0.00104798775282087,0.00104912182212369,0,0
1.97536612554579,0.986847088733536,0.00104693705816728,0.00104559504775428,0,0
1.97286455983899,0.98751139265201,0.00107137398193313,0.00105277531572764,0,0
1.97297657953155,0.98327957066079,0.00105083971246001,0.00105449300183249,0,0
1.9744978247942,0.985642093291096,0.00106363277556715,0.00104807990174552,0,0
1.97443867284347,0.986098973832529,0.00105167429318695,0.00105496898006717,0,0
1.97348672443138,0.988968514127262,0.00106967566408358,0.00105833448683008,0,0
1.97313039720696,0.988241992539351,0.00103829636871008,0.00104195196926645,0,0
1.97191146285896,0.987692916126878,0.00105796890313435,0.00104739967080794,0,0
1.97288755936799,0.985657203488407,0.00106254412034882,0.00105460070480664,0,0
1.97294756065229,0.985804498126895,0.00104640526234866,0.00105722626224013,0,0
1.97348670337776,0.986944314484807,0.00104602363899316,0.00106252950153631,0,0
1.97273664769262,0.9853906470051,0.00105197272206015,0.00105736882455888,0,0
1.9721976769091,0.986783144645842,0.00104926352601434,0.0010504858074199,0,0
1.9748865550666,0.986005629649599,0.00106299340643632,0.00106903667435942,0,0
1.97286523882178,0.987698732450916,0.00106096988968142,0.0010551857963461,0,0
1.97294782930643,0.988369707259847,0.00104332759672222,0.00104978867682493,0,0
1.97385300698905,0.986865437499184,0.00105577542159506,0.00105658152772814,0,0
1.97193710853108,0.986046667798704,0.00103678909697272,0.00104943685323777,0,0
1.9725022442583,0.987151886547091,0.0010698529773818,0.00106638490298642,0,0
1.97419908483031,0.986711255626833,0.00105793561445028,0.0010502083373918,0,0
1.97340853398083,0.985157558477318,0.00104477983569384,0.00104735552681036,0,0
1.97320312402917,0.985978996858618,0.00104932202815293,0.00105904493436179,0,0
1.97579903728791,0.986485913617301,0.00104317449755909,0.00104569555214714,0,0
1.97331283569651,0.986440516934806,0.00106356472795445,0.00104694949836087,0,0
1.97358771887571,0.986401374637737,0.00105073947580112,0.00105613996892851,0,0
1.97345053850779,0.987232660533303,0.00105589725861092,0.00105134783620811,0,0
1.97233091865536,0.987318185473247,0.00105743355630586,0.00104620692818967,0,0
1.97372814850546,0.987137475330345,0.00106302610769298,0.00107123730823906,0,0
1.97324786335191,0.986306115843195,0.00105077494763367,0.0010480276564803,0,0
1.97242531180219,0.985799327125816,0.00106731640147573,0.00106088512093328,0,0
1.97142031590728,0.987151274853403,0.00104886238435366,0.00104814556077818,0,0
1.9722456828369,0.985014144028648,0.0010555178984186,0.00105312508011654,0,0
1.97315017952618,0.987014671324767,0.00106472269292826,0.00106011893155835,0,0
1.97394440699803,0.987096521520438,0.00105237544331511,0.00103921105152527,0,0
1.97528955619009,0.987509768140379,0.00105151180266036,0.00105416350254336,0,0
1.97335851481224,0.987871398809239,0.00105406344387668,0.00105600529855297,0,0
1.97180337785699,0.987298684850316,0.00105654976198472,0.00106094521466132,0,0
1.97364420993153,0.984180843776502,0.00105746033217181,0.00105385078734667,0,0
1.97320223321194,0.987127114540044,0.00104303589789172,0.00104811683141518,0,0
1.97518674393404,0.987424004261682,0.00105839248064591,0.00105319344835079,0,0
1.97374533838863,0.984828368261237,0.00108063221750963,0.00105792409249568,0,0
1.97236178308232,0.98670281988488,0.00104777197143551,0.00104192761756109,0,0
1.97295815094015,0.988677110302867,0.00105238459728286,0.00105721993476068,0,0
1.97294874535939,0.986984164136369,0.00106972361423984,0.00106142602039543,0,0
1.97362139726666,0.988144035300048,0.00104075182261374,0.00104726863195787,0,0
1.97702098935638,0.987534462048783,0.00104822399472584,0.00105749376260724,0,0
1.97147089218642,0.985700677571701,0.00105311286035759,0.00105995920004429,0,0
1.97476132743065,0.987536846211372,0.00106407704257171,0.00106101694901002,0,0
1.97240550849136,0.986269045267442,0.00106494410832381,0.00106344338905289,0,0
1.97397536793526,0.986122081053601,0.0010632024455658,0.00105914082179751,0,0
1.97170177754424,0.986067775077936,0.00103468078407075,0.00105711397276115,0,0
1.97556159380787,0.987999274339972,0.00104938021318881,0.00105461078212374,0,0
1.97319153282969,0.987283312276563,0.00105553835711255,0.00105589570397698,0,0
1.97338233931675,0.984193085361481,0.00105604609438607,0.0010641474355146,0,0
1.9713838080387,0.986011966547742,0.00105711419547326,0.00105622162957025,0,0
1.97423517151719,0.985879813978695,0.00105591924135773,0.00104134679228995,0,0
1.97570994611194,0.986465584671898,0.0010576132437258,0.0010557384563037,0,0
